#
# There is insufficient memory for the Java Runtime Environment to continue.
# Native memory allocation (mmap) failed to map 193986560 bytes. Error detail: G1 virtual space
# Possible reasons:
#   The system is out of physical RAM or swap space
#   This process is running with CompressedOops enabled, and the Java Heap may be blocking the growth of the native heap
# Possible solutions:
#   Reduce memory load on the system
#   Increase physical memory or swap space
#   Check if swap backing store is full
#   Decrease Java heap size (-Xmx/-Xms)
#   Decrease number of Java threads
#   Decrease Java thread stack sizes (-Xss)
#   Set larger code cache with -XX:ReservedCodeCacheSize=
#   JVM is running with Unscaled Compressed Oops mode in which the Java heap is
#     placed in the first 4GB address space. The Java Heap base address is the
#     maximum limit for the native heap growth. Please use -XX:HeapBaseMinAddress
#     to set the Java Heap base and to place the Java Heap above 4GB virtual address.
# This output file may be truncated or incomplete.
#
#  Out of Memory Error (os_windows.cpp:3926), pid=11208, tid=2792
#
# JRE version: OpenJDK Runtime Environment JBR-21.0.11+1-1163.116-jcef (21.0.11+1) (build 21.0.11+1-b1163.116)
# Java VM: OpenJDK 64-Bit Server VM JBR-21.0.11+1-1163.116-jcef (21.0.11+1-b1163.116, mixed mode, sharing, tiered, compressed oops, compressed class ptrs, g1 gc, windows-amd64)
# No core dump will be written. Minidumps are not enabled by default on client versions of Windows
#

---------------  S U M M A R Y ------------

Command Line: --add-opens=java.base/java.lang=ALL-UNNAMED --add-opens=java.base/java.lang.invoke=ALL-UNNAMED --add-opens=java.base/java.util=ALL-UNNAMED --add-opens=java.prefs/java.util.prefs=ALL-UNNAMED --add-exports=jdk.compiler/com.sun.tools.javac.api=ALL-UNNAMED --add-exports=jdk.compiler/com.sun.tools.javac.util=ALL-UNNAMED --add-opens=java.base/java.util=ALL-UNNAMED --add-opens=java.prefs/java.util.prefs=ALL-UNNAMED --add-opens=java.base/java.nio.charset=ALL-UNNAMED --add-opens=java.base/java.net=ALL-UNNAMED --add-opens=java.base/java.util.concurrent=ALL-UNNAMED --add-opens=java.base/java.util.concurrent.atomic=ALL-UNNAMED --add-opens=java.xml/javax.xml.namespace=ALL-UNNAMED --add-opens=java.base/java.time=ALL-UNNAMED -Xmx2048m -Dfile.encoding=UTF-8 -Duser.country=BR -Duser.language=pt -Duser.variant -javaagent:C:\Users\Admin\.gradle\wrapper\dists\gradle-9.4.1-bin\arn2x92ynaizyzdaamcbpbhtj\gradle-9.4.1\lib\agents\gradle-instrumentation-agent-9.4.1.jar org.gradle.launcher.daemon.bootstrap.GradleDaemon 9.4.1

Host: AMD Ryzen 5 PRO 5655G with Radeon Graphics     , 12 cores, 15G,  Windows 11 , 64 bit Build 26100 (10.0.26100.8875)
Time: Mon Aug 31 12:35:41 2026 Hora oficial do Brasil elapsed time: 34.799417 seconds (0d 0h 0m 34s)

---------------  T H R E A D  ---------------

Current thread (0x0000017335754630):  VMThread "VM Thread"          [id=2792, stack(0x0000004efba00000,0x0000004efbb00000) (1024K)]

Stack: [0x0000004efba00000,0x0000004efbb00000]
Native frames: (J=compiled Java code, j=interpreted, Vv=VM code, C=native code)
V  [jvm.dll+0x6ed7f9]  os::win32::platform_print_native_stack+0xd9  (os_windows_x86.cpp:236)
V  [jvm.dll+0x8cbfcb]  VMError::report+0xd8b  (vmError.cpp:1022)
V  [jvm.dll+0x8ce76a]  VMError::report_and_die+0x79a  (vmError.cpp:1890)
V  [jvm.dll+0x8cee43]  VMError::report_and_die+0x43  (vmError.cpp:1660)
V  [jvm.dll+0x28e496]  report_vm_out_of_memory+0x56  (debug.cpp:225)
V  [jvm.dll+0x6ea0b5]  os::pd_commit_memory_or_exit+0x75  (os_windows.cpp:3934)
V  [jvm.dll+0x6ddada]  os::commit_memory_or_exit+0x2a  (os.cpp:1994)
V  [jvm.dll+0x369d2e]  G1PageBasedVirtualSpace::commit+0xde  (g1PageBasedVirtualSpace.cpp:196)
V  [jvm.dll+0x371bfb]  G1RegionsLargerThanCommitSizeMapper::commit_regions+0x7b  (g1RegionToSpaceMapper.cpp:100)
V  [jvm.dll+0x3c3829]  HeapRegionManager::expand_any+0xa9  (heapRegionManager.cpp:344)
V  [jvm.dll+0x3c3acb]  HeapRegionManager::expand_by+0xcb  (heapRegionManager.cpp:361)
V  [jvm.dll+0x33d037]  G1CollectedHeap::expand+0xb7  (g1CollectedHeap.cpp:1114)
V  [jvm.dll+0x33d0c7]  G1CollectedHeap::expand_heap_after_young_collection+0x37  (g1CollectedHeap.cpp:2521)
V  [jvm.dll+0x3824d2]  G1YoungCollector::post_evacuate_collection_set+0x3f2  (g1YoungCollector.cpp:1008)
V  [jvm.dll+0x380c7e]  G1YoungCollector::collect+0x43e  (g1YoungCollector.cpp:1078)
V  [jvm.dll+0x33c791]  G1CollectedHeap::do_collection_pause_at_safepoint+0x111  (g1CollectedHeap.cpp:2533)
V  [jvm.dll+0x3802ba]  VM_G1CollectForAllocation::doit+0x6a  (g1VMOperations.cpp:147)
V  [jvm.dll+0x8d4bff]  VM_Operation::evaluate+0x10f  (vmOperations.cpp:77)
V  [jvm.dll+0x8d62c3]  VMThread::inner_execute+0x263  (vmThread.cpp:435)
V  [jvm.dll+0x8d6834]  VMThread::loop+0x264  (vmThread.cpp:502)
V  [jvm.dll+0x8d6933]  VMThread::run+0x63  (vmThread.cpp:180)
V  [jvm.dll+0x875cad]  Thread::call_run+0xcd  (thread.cpp:231)
V  [jvm.dll+0x6ebf5d]  os::win32::thread_native_entry+0x7d  (os_windows.cpp:557)
C  [ucrtbase.dll+0x2cd30]
C  [KERNEL32.DLL+0x2e957]
C  [ntdll.dll+0xaad6c]

VM_Operation (0x0000004efe8f9d20): G1CollectForAllocation, mode: safepoint, requested by thread 0x00000173021fb8b0


---------------  P R O C E S S  ---------------

Threads class SMR info:
_java_thread_list=0x000001730a5c7780, length=92, elements={
0x000001731c91e960, 0x00000173357718d0, 0x00000173357780c0, 0x000001733577b850,
0x000001733577e990, 0x000001733577f3f0, 0x0000017335783320, 0x0000017335785240,
0x000001733578ad20, 0x0000017335791210, 0x0000017335a62440, 0x000001737e64b190,
0x000001737e64d8f0, 0x000001737e64c540, 0x000001737e64a470, 0x000001737e64beb0,
0x000001737e64ab00, 0x000001737e64d260, 0x000001737d978890, 0x000001737d976e50,
0x000001737d976130, 0x000001737d978200, 0x000001737d978f20, 0x000001737d9795b0,
0x000001737d9774e0, 0x000001737d97b680, 0x000001737d97aff0, 0x000001737d97c3a0,
0x000001737d97bd10, 0x000001737d97ca30, 0x000001737d97d750, 0x00000173021fc5d0,
0x00000173021fe010, 0x00000173021fb8b0, 0x00000173021fe6a0, 0x00000173021fb220,
0x00000173021fed30, 0x00000173021fbf40, 0x00000173022000e0, 0x0000017302200770,
0x0000017302200e00, 0x0000017302201490, 0x0000017302201b20, 0x0000017303741e50,
0x00000173037445b0, 0x00000173037417c0, 0x0000017303c0d800, 0x0000017303c0ebb0,
0x0000017303c0de90, 0x0000017303c0f240, 0x0000017303c0bdc0, 0x0000017303c0f8d0,
0x0000017303c0c450, 0x0000017303c0ff60, 0x0000017303c0cae0, 0x0000017303c105f0,
0x0000017303c0d170, 0x0000017303c11310, 0x0000017303c119a0, 0x0000017303c12030,
0x0000017303c10c80, 0x0000017300e1ed50, 0x0000017300e21b40, 0x0000017300e1e6c0,
0x0000017300e221d0, 0x0000017303742b70, 0x0000017303746680, 0x000001730a61e0f0,
0x000001730a61fb30, 0x000001730a61f4a0, 0x000001730a61e780, 0x000001730a620ee0,
0x000001730a61da60, 0x000001737f07e310, 0x000001737f07f030, 0x000001737f07d5f0,
0x000001737f07dc80, 0x000001737f07f6c0, 0x000001737f07c8d0, 0x000001737f0803e0,
0x000001737f080a70, 0x000001737f081e20, 0x000001737f083860, 0x000001737f081100,
0x000001737f081790, 0x000001737f0824b0, 0x000001737f082b40, 0x000001737f0831d0,
0x000001737d386770, 0x000001737d384010, 0x000001737f0e9030, 0x000001737f0e9700
}

Java Threads: ( => current thread )
  0x000001731c91e960 JavaThread "main"                              [_thread_blocked, id=10072, stack(0x0000004efb300000,0x0000004efb400000) (1024K)]
  0x00000173357718d0 JavaThread "Common-Cleaner"             daemon [_thread_blocked, id=5356, stack(0x0000004efbb00000,0x0000004efbc00000) (1024K)]
  0x00000173357780c0 JavaThread "Reference Handler"          daemon [_thread_blocked, id=5428, stack(0x0000004efbc00000,0x0000004efbd00000) (1024K)]
  0x000001733577b850 JavaThread "Finalizer"                  daemon [_thread_blocked, id=11808, stack(0x0000004efbd00000,0x0000004efbe00000) (1024K)]
  0x000001733577e990 JavaThread "Signal Dispatcher"          daemon [_thread_blocked, id=3176, stack(0x0000004efbe00000,0x0000004efbf00000) (1024K)]
  0x000001733577f3f0 JavaThread "Attach Listener"            daemon [_thread_blocked, id=6580, stack(0x0000004efbf00000,0x0000004efc000000) (1024K)]
  0x0000017335783320 JavaThread "Service Thread"             daemon [_thread_blocked, id=8636, stack(0x0000004efc000000,0x0000004efc100000) (1024K)]
  0x0000017335785240 JavaThread "Monitor Deflation Thread"   daemon [_thread_blocked, id=7888, stack(0x0000004efc100000,0x0000004efc200000) (1024K)]
  0x000001733578ad20 JavaThread "C2 CompilerThread0"         daemon [_thread_blocked, id=10904, stack(0x0000004efc200000,0x0000004efc300000) (1024K)]
  0x0000017335791210 JavaThread "C1 CompilerThread0"         daemon [_thread_blocked, id=14576, stack(0x0000004efc300000,0x0000004efc400000) (1024K)]
  0x0000017335a62440 JavaThread "Notification Thread"        daemon [_thread_blocked, id=4344, stack(0x0000004efc500000,0x0000004efc600000) (1024K)]
  0x000001737e64b190 JavaThread "Daemon health stats"               [_thread_blocked, id=1464, stack(0x0000004efc600000,0x0000004efc700000) (1024K)]
  0x000001737e64d8f0 JavaThread "Incoming local TCP Connector on port 61460"        [_thread_in_native, id=9932, stack(0x0000004efcc00000,0x0000004efcd00000) (1024K)]
  0x000001737e64c540 JavaThread "Daemon periodic checks"            [_thread_blocked, id=3436, stack(0x0000004efcd00000,0x0000004efce00000) (1024K)]
  0x000001737e64a470 JavaThread "Daemon"                            [_thread_blocked, id=2712, stack(0x0000004efce00000,0x0000004efcf00000) (1024K)]
  0x000001737e64beb0 JavaThread "Handler for socket connection from /127.0.0.1:61460 to /127.0.0.1:61461"        [_thread_in_native, id=14424, stack(0x0000004efcf00000,0x0000004efd000000) (1024K)]
  0x000001737e64ab00 JavaThread "Cancel handler"                    [_thread_blocked, id=1380, stack(0x0000004efd000000,0x0000004efd100000) (1024K)]
  0x000001737e64d260 JavaThread "Daemon worker"                     [_thread_blocked, id=14160, stack(0x0000004efd100000,0x0000004efd200000) (1024K)]
  0x000001737d978890 JavaThread "Asynchronous log dispatcher for DefaultDaemonConnection: socket connection from /127.0.0.1:61460 to /127.0.0.1:61461"        [_thread_blocked, id=13128, stack(0x0000004efd200000,0x0000004efd300000) (1024K)]
  0x000001737d976e50 JavaThread "Stdin handler"                     [_thread_blocked, id=14620, stack(0x0000004efd300000,0x0000004efd400000) (1024K)]
  0x000001737d976130 JavaThread "Daemon client event forwarder"        [_thread_blocked, id=15152, stack(0x0000004efd400000,0x0000004efd500000) (1024K)]
  0x000001737d978200 JavaThread "Cache worker for journal cache (C:\Users\Admin\.gradle\caches\journal-1)"        [_thread_blocked, id=6712, stack(0x0000004efd500000,0x0000004efd600000) (1024K)]
  0x000001737d978f20 JavaThread "File lock request listener"        [_thread_blocked, id=5344, stack(0x0000004efd600000,0x0000004efd700000) (1024K)]
  0x000001737d9795b0 JavaThread "Cache worker for file hash cache (C:\Users\Admin\.gradle\caches\9.4.1\fileHashes)"        [_thread_blocked, id=10588, stack(0x0000004efd700000,0x0000004efd800000) (1024K)]
  0x000001737d9774e0 JavaThread "Cache worker for file hash cache (C:\Users\Admin\Documents\GitHub\Projeto-TCC-fechado\.gradle\9.4.1\fileHashes)"        [_thread_blocked, id=8908, stack(0x0000004efdf00000,0x0000004efe000000) (1024K)]
  0x000001737d97b680 JavaThread "Cache worker for Build Output Cleanup Cache (C:\Users\Admin\Documents\GitHub\Projeto-TCC-fechado\.gradle\buildOutputCleanup)"        [_thread_blocked, id=6780, stack(0x0000004efe000000,0x0000004efe100000) (1024K)]
  0x000001737d97aff0 JavaThread "File watcher server"        daemon [_thread_blocked, id=16368, stack(0x0000004efe100000,0x0000004efe200000) (1024K)]
  0x000001737d97c3a0 JavaThread "File watcher consumer"      daemon [_thread_blocked, id=1912, stack(0x0000004efe200000,0x0000004efe300000) (1024K)]
  0x000001737d97bd10 JavaThread "Cache worker for file content cache (C:\Users\Admin\.gradle\caches\9.4.1\fileContent)"        [_thread_blocked, id=9728, stack(0x0000004efe300000,0x0000004efe400000) (1024K)]
  0x000001737d97ca30 JavaThread "Cache worker for checksums cache (C:\Users\Admin\Documents\GitHub\Projeto-TCC-fechado\.gradle\9.4.1\checksums)"        [_thread_blocked, id=6200, stack(0x0000004efe400000,0x0000004efe500000) (1024K)]
  0x000001737d97d750 JavaThread "Cache worker for cache directory md-supplier (C:\Users\Admin\.gradle\caches\9.4.1\md-supplier)"        [_thread_blocked, id=3348, stack(0x0000004efe500000,0x0000004efe600000) (1024K)]
  0x00000173021fc5d0 JavaThread "Cache worker for cache directory md-rule (C:\Users\Admin\.gradle\caches\9.4.1\md-rule)"        [_thread_blocked, id=7160, stack(0x0000004efe600000,0x0000004efe700000) (1024K)]
  0x00000173021fe010 JavaThread "Build operations"                  [_thread_blocked, id=4768, stack(0x0000004efe700000,0x0000004efe800000) (1024K)]
  0x00000173021fb8b0 JavaThread "Build operations Thread 2"         [_thread_blocked, id=10008, stack(0x0000004efe800000,0x0000004efe900000) (1024K)]
  0x00000173021fe6a0 JavaThread "Build operations Thread 3"         [_thread_blocked, id=11780, stack(0x0000004efe900000,0x0000004efea00000) (1024K)]
  0x00000173021fb220 JavaThread "Build operations Thread 4"         [_thread_blocked, id=13024, stack(0x0000004efea00000,0x0000004efeb00000) (1024K)]
  0x00000173021fed30 JavaThread "Build operations Thread 5"         [_thread_blocked, id=1656, stack(0x0000004efeb00000,0x0000004efec00000) (1024K)]
  0x00000173021fbf40 JavaThread "Build operations Thread 6"         [_thread_blocked, id=9868, stack(0x0000004efec00000,0x0000004efed00000) (1024K)]
  0x00000173022000e0 JavaThread "Build operations Thread 7"         [_thread_blocked, id=1992, stack(0x0000004efed00000,0x0000004efee00000) (1024K)]
  0x0000017302200770 JavaThread "Build operations Thread 8"         [_thread_blocked, id=9616, stack(0x0000004efee00000,0x0000004efef00000) (1024K)]
  0x0000017302200e00 JavaThread "Build operations Thread 9"         [_thread_blocked, id=6480, stack(0x0000004efef00000,0x0000004eff000000) (1024K)]
  0x0000017302201490 JavaThread "Build operations Thread 10"        [_thread_blocked, id=12264, stack(0x0000004eff000000,0x0000004eff100000) (1024K)]
  0x0000017302201b20 JavaThread "Build operations Thread 11"        [_thread_blocked, id=2528, stack(0x0000004eff100000,0x0000004eff200000) (1024K)]
  0x0000017303741e50 JavaThread "Build operations Thread 12"        [_thread_blocked, id=8804, stack(0x0000004eff200000,0x0000004eff300000) (1024K)]
  0x00000173037445b0 JavaThread "Memory manager"                    [_thread_blocked, id=14592, stack(0x0000004eff300000,0x0000004eff400000) (1024K)]
  0x00000173037417c0 JavaThread "build event listener"              [_thread_blocked, id=9816, stack(0x0000004efd800000,0x0000004efd900000) (1024K)]
  0x0000017303c0d800 JavaThread "included builds"                   [_thread_blocked, id=12888, stack(0x0000004eff500000,0x0000004eff600000) (1024K)]
  0x0000017303c0ebb0 JavaThread "Execution worker"                  [_thread_blocked, id=11964, stack(0x0000004eff600000,0x0000004eff700000) (1024K)]
  0x0000017303c0de90 JavaThread "Execution worker Thread 2"         [_thread_blocked, id=14924, stack(0x0000004eff700000,0x0000004eff800000) (1024K)]
  0x0000017303c0f240 JavaThread "Execution worker Thread 3"         [_thread_blocked, id=8156, stack(0x0000004eff800000,0x0000004eff900000) (1024K)]
  0x0000017303c0bdc0 JavaThread "Execution worker Thread 4"         [_thread_blocked, id=13064, stack(0x0000004eff900000,0x0000004effa00000) (1024K)]
  0x0000017303c0f8d0 JavaThread "Execution worker Thread 5"         [_thread_blocked, id=8184, stack(0x0000004effa00000,0x0000004effb00000) (1024K)]
  0x0000017303c0c450 JavaThread "Execution worker Thread 6"         [_thread_blocked, id=10356, stack(0x0000004effb00000,0x0000004effc00000) (1024K)]
  0x0000017303c0ff60 JavaThread "Execution worker Thread 7"         [_thread_blocked, id=15104, stack(0x0000004effc00000,0x0000004effd00000) (1024K)]
  0x0000017303c0cae0 JavaThread "Execution worker Thread 8"         [_thread_blocked, id=3884, stack(0x0000004effd00000,0x0000004effe00000) (1024K)]
  0x0000017303c105f0 JavaThread "Execution worker Thread 9"         [_thread_blocked, id=6688, stack(0x0000004effe00000,0x0000004efff00000) (1024K)]
  0x0000017303c0d170 JavaThread "Execution worker Thread 10"        [_thread_blocked, id=11796, stack(0x0000004efff00000,0x0000004f00000000) (1024K)]
  0x0000017303c11310 JavaThread "Execution worker Thread 11"        [_thread_blocked, id=7100, stack(0x0000004e80000000,0x0000004e80100000) (1024K)]
  0x0000017303c119a0 JavaThread "Cache worker for execution history cache (C:\Users\Admin\Documents\GitHub\Projeto-TCC-fechado\.gradle\9.4.1\executionHistory)"        [_thread_blocked, id=15160, stack(0x0000004e80100000,0x0000004e80200000) (1024K)]
  0x0000017303c12030 JavaThread "Unconstrained build operations"        [_thread_blocked, id=16020, stack(0x0000004e80200000,0x0000004e80300000) (1024K)]
  0x0000017303c10c80 JavaThread "Unconstrained build operations Thread 2"        [_thread_blocked, id=200, stack(0x0000004e80300000,0x0000004e80400000) (1024K)]
  0x0000017300e1ed50 JavaThread "Unconstrained build operations Thread 3"        [_thread_blocked, id=5628, stack(0x0000004e80500000,0x0000004e80600000) (1024K)]
  0x0000017300e21b40 JavaThread "Unconstrained build operations Thread 4"        [_thread_blocked, id=14916, stack(0x0000004e80600000,0x0000004e80700000) (1024K)]
  0x0000017300e1e6c0 JavaThread "Unconstrained build operations Thread 5"        [_thread_blocked, id=15796, stack(0x0000004e80700000,0x0000004e80800000) (1024K)]
  0x0000017300e221d0 JavaThread "Unconstrained build operations Thread 6"        [_thread_blocked, id=14492, stack(0x0000004e80800000,0x0000004e80900000) (1024K)]
  0x0000017303742b70 JavaThread "WorkerExecutor Queue"              [_thread_blocked, id=15720, stack(0x0000004e80a00000,0x0000004e80b00000) (1024K)]
  0x0000017303746680 JavaThread "WorkerExecutor Queue Thread 2"        [_thread_blocked, id=13644, stack(0x0000004e80c00000,0x0000004e80d00000) (1024K)]
  0x000001730a61e0f0 JavaThread "WorkerExecutor Queue Thread 3"        [_thread_blocked, id=1572, stack(0x0000004e80d00000,0x0000004e80e00000) (1024K)]
  0x000001730a61fb30 JavaThread "WorkerExecutor Queue Thread 4"        [_thread_blocked, id=14552, stack(0x0000004e80e00000,0x0000004e80f00000) (1024K)]
  0x000001730a61f4a0 JavaThread "WorkerExecutor Queue Thread 5"        [_thread_blocked, id=14676, stack(0x0000004e80f00000,0x0000004e81000000) (1024K)]
  0x000001730a61e780 JavaThread "WorkerExecutor Queue Thread 6"        [_thread_blocked, id=6560, stack(0x0000004e81000000,0x0000004e81100000) (1024K)]
  0x000001730a620ee0 JavaThread "WorkerExecutor Queue Thread 7"        [_thread_blocked, id=15260, stack(0x0000004e81100000,0x0000004e81200000) (1024K)]
  0x000001730a61da60 JavaThread "WorkerExecutor Queue Thread 8"        [_thread_blocked, id=1604, stack(0x0000004e81200000,0x0000004e81300000) (1024K)]
  0x000001737f07e310 JavaThread "WorkerExecutor Queue Thread 9"        [_thread_blocked, id=2080, stack(0x0000004e81300000,0x0000004e81400000) (1024K)]
  0x000001737f07f030 JavaThread "WorkerExecutor Queue Thread 10"        [_thread_blocked, id=8080, stack(0x0000004e81400000,0x0000004e81500000) (1024K)]
  0x000001737f07d5f0 JavaThread "WorkerExecutor Queue Thread 11"        [_thread_blocked, id=16312, stack(0x0000004e81500000,0x0000004e81600000) (1024K)]
  0x000001737f07dc80 JavaThread "WorkerExecutor Queue Thread 12"        [_thread_blocked, id=6284, stack(0x0000004e81600000,0x0000004e81700000) (1024K)]
  0x000001737f07f6c0 JavaThread "Unconstrained build operations Thread 7"        [_thread_blocked, id=14532, stack(0x0000004e81700000,0x0000004e81800000) (1024K)]
  0x000001737f07c8d0 JavaThread "Unconstrained build operations Thread 8"        [_thread_blocked, id=8516, stack(0x0000004e81800000,0x0000004e81900000) (1024K)]
  0x000001737f0803e0 JavaThread "Unconstrained build operations Thread 9"        [_thread_blocked, id=11608, stack(0x0000004e81900000,0x0000004e81a00000) (1024K)]
  0x000001737f080a70 JavaThread "Unconstrained build operations Thread 10"        [_thread_blocked, id=16344, stack(0x0000004e81a00000,0x0000004e81b00000) (1024K)]
  0x000001737f081e20 JavaThread "Unconstrained build operations Thread 11"        [_thread_blocked, id=6788, stack(0x0000004e81b00000,0x0000004e81c00000) (1024K)]
  0x000001737f083860 JavaThread "Unconstrained build operations Thread 12"        [_thread_blocked, id=15044, stack(0x0000004e81c00000,0x0000004e81d00000) (1024K)]
  0x000001737f081100 JavaThread "Unconstrained build operations Thread 13"        [_thread_blocked, id=16228, stack(0x0000004e81d00000,0x0000004e81e00000) (1024K)]
  0x000001737f081790 JavaThread "Unconstrained build operations Thread 14"        [_thread_blocked, id=5388, stack(0x0000004e81e00000,0x0000004e81f00000) (1024K)]
  0x000001737f0824b0 JavaThread "Unconstrained build operations Thread 15"        [_thread_blocked, id=11160, stack(0x0000004e81f00000,0x0000004e82000000) (1024K)]
  0x000001737f082b40 JavaThread "Unconstrained build operations Thread 16"        [_thread_blocked, id=15148, stack(0x0000004e82000000,0x0000004e82100000) (1024K)]
  0x000001737f0831d0 JavaThread "Unconstrained build operations Thread 17"        [_thread_blocked, id=11436, stack(0x0000004e80b00000,0x0000004e80c00000) (1024K)]
  0x000001737d386770 JavaThread "Unconstrained build operations Thread 18"        [_thread_blocked, id=11860, stack(0x0000004e82100000,0x0000004e82200000) (1024K)]
  0x000001737d384010 JavaThread "Unconstrained build operations Thread 19"        [_thread_blocked, id=7000, stack(0x0000004e82200000,0x0000004e82300000) (1024K)]
  0x000001737f0e9030 JavaThread "C2 CompilerThread1"         daemon [_thread_blocked, id=13616, stack(0x0000004e80900000,0x0000004e80a00000) (1024K)]
  0x000001737f0e9700 JavaThread "C2 CompilerThread2"         daemon [_thread_blocked, id=3984, stack(0x0000004e82300000,0x0000004e82400000) (1024K)]
Total: 92

Other Threads:
=>0x0000017335754630 VMThread "VM Thread"                           [id=2792, stack(0x0000004efba00000,0x0000004efbb00000) (1024K)]
  0x0000017335743ee0 WatcherThread "VM Periodic Task Thread"        [id=6420, stack(0x0000004efb900000,0x0000004efba00000) (1024K)]
  0x000001731c977f20 WorkerThread "GC Thread#0"                     [id=11772, stack(0x0000004efb400000,0x0000004efb500000) (1024K)]
  0x000001737cc1e5d0 WorkerThread "GC Thread#1"                     [id=2860, stack(0x0000004efc700000,0x0000004efc800000) (1024K)]
  0x000001737cc1e980 WorkerThread "GC Thread#2"                     [id=13316, stack(0x0000004efc800000,0x0000004efc900000) (1024K)]
  0x000001737c5f73b0 WorkerThread "GC Thread#3"                     [id=8632, stack(0x0000004efc900000,0x0000004efca00000) (1024K)]
  0x000001737c5f7760 WorkerThread "GC Thread#4"                     [id=3468, stack(0x0000004efca00000,0x0000004efcb00000) (1024K)]
  0x000001737ced58a0 WorkerThread "GC Thread#5"                     [id=14740, stack(0x0000004efcb00000,0x0000004efcc00000) (1024K)]
  0x000001730001e480 WorkerThread "GC Thread#6"                     [id=12916, stack(0x0000004efd900000,0x0000004efda00000) (1024K)]
  0x000001730001e830 WorkerThread "GC Thread#7"                     [id=1836, stack(0x0000004efda00000,0x0000004efdb00000) (1024K)]
  0x000001730001dd20 WorkerThread "GC Thread#8"                     [id=8488, stack(0x0000004efdb00000,0x0000004efdc00000) (1024K)]
  0x000001730001b840 WorkerThread "GC Thread#9"                     [id=15132, stack(0x0000004efdc00000,0x0000004efdd00000) (1024K)]
  0x000001731c98b450 ConcurrentGCThread "G1 Main Marker"            [id=11728, stack(0x0000004efb500000,0x0000004efb600000) (1024K)]
  0x000001731c98be70 WorkerThread "G1 Conc#0"                       [id=4212, stack(0x0000004efb600000,0x0000004efb700000) (1024K)]
  0x000001730001d5c0 WorkerThread "G1 Conc#1"                       [id=10920, stack(0x0000004efdd00000,0x0000004efde00000) (1024K)]
  0x000001730001ebe0 WorkerThread "G1 Conc#2"                       [id=4184, stack(0x0000004efde00000,0x0000004efdf00000) (1024K)]
  0x0000017335699ae0 ConcurrentGCThread "G1 Refine#0"               [id=192, stack(0x0000004efb700000,0x0000004efb800000) (1024K)]
  0x000001733569a570 ConcurrentGCThread "G1 Service"                [id=16216, stack(0x0000004efb800000,0x0000004efb900000) (1024K)]
Total: 18

Threads with active compile tasks:
C2 CompilerThread0  35157 22745       4       com.android.zipflinger.ZipArchive::add (37 bytes)
C2 CompilerThread1  35157 22753       4       com.android.zipflinger.FreeStore::ualloc (78 bytes)
C2 CompilerThread2  35157 22746       4       com.android.builder.packaging.JarFlinger::addEntry (19 bytes)
Total: 3

VM state: at safepoint (normal execution)

VM Mutex/Monitor currently owned by a thread:  ([mutex/lock_event])
[0x00007ffdd7f1adb0] Threads_lock - owner thread: 0x0000017335754630
[0x00007ffdd7f1aeb0] Heap_lock - owner thread: 0x00000173021fb8b0

Heap address: 0x0000000080000000, size: 2048 MB, Compressed Oops mode: 32-bit

CDS archive(s) mapped at: [0x0000017336000000-0x0000017337c30000-0x0000017337c30000), size 29556736, SharedBaseAddress: 0x0000017336000000, ArchiveRelocationMode: 1.
Compressed class space mapped at: 0x0000017338000000-0x0000017378000000, reserved size: 1073741824
Narrow klass base: 0x0000017336000000, Narrow klass shift: 0, Narrow klass range: 0x100000000

GC Precious Log:
 CardTable entry size: 512
 Card Set container configuration: InlinePtr #cards 5 size 8 Array Of Cards #cards 12 size 40 Howl #buckets 4 coarsen threshold 1843 Howl Bitmap #cards 512 size 80 coarsen threshold 460 Card regions per heap region 1 cards per card region 2048
 CPUs: 12 total, 12 available
 Memory: 15723M
 Large Page Support: Disabled
 NUMA Support: Disabled
 Compressed Oops: Enabled (32-bit)
 Heap Region Size: 1M
 Heap Min Capacity: 8M
 Heap Initial Capacity: 246M
 Heap Max Capacity: 2G
 Pre-touch: Disabled
 Parallel Workers: 10
 Concurrent Workers: 3
 Concurrent Refinement Workers: 10
 Periodic GC: Disabled

Heap:
 garbage-first heap   total 348160K, used 187760K [0x0000000080000000, 0x0000000100000000)
  region size 1024K, 3 young (3072K), 3 survivors (3072K)
 Metaspace       used 135641K, committed 137856K, reserved 1179648K
  class space    used 19654K, committed 20736K, reserved 1048576K

Heap Regions: E=young(eden), S=young(survivor), O=old, HS=humongous(starts), HC=humongous(continues), CS=collection set, F=free, TAMS=top-at-mark-start, PB=parsable bottom
|   0|0x0000000080000000, 0x0000000080100000, 0x0000000080100000|100%|HS|  |TAMS 0x0000000080100000| PB 0x0000000080000000| Complete 
|   1|0x0000000080100000, 0x0000000080200000, 0x0000000080200000|100%|HC|  |TAMS 0x0000000080200000| PB 0x0000000080100000| Complete 
|   2|0x0000000080200000, 0x0000000080300000, 0x0000000080300000|100%|HC|  |TAMS 0x0000000080300000| PB 0x0000000080200000| Complete 
|   3|0x0000000080300000, 0x0000000080400000, 0x0000000080400000|100%|HC|  |TAMS 0x0000000080400000| PB 0x0000000080300000| Complete 
|   4|0x0000000080400000, 0x0000000080500000, 0x0000000080500000|100%| O|  |TAMS 0x0000000080500000| PB 0x0000000080400000| Untracked 
|   5|0x0000000080500000, 0x0000000080600000, 0x0000000080600000|100%| O|  |TAMS 0x0000000080600000| PB 0x0000000080500000| Untracked 
|   6|0x0000000080600000, 0x0000000080700000, 0x0000000080700000|100%| O|  |TAMS 0x0000000080700000| PB 0x0000000080600000| Untracked 
|   7|0x0000000080700000, 0x0000000080800000, 0x0000000080800000|100%| O|  |TAMS 0x0000000080800000| PB 0x0000000080700000| Updating 
|   8|0x0000000080800000, 0x0000000080900000, 0x0000000080900000|100%| O|  |TAMS 0x0000000080900000| PB 0x0000000080800000| Untracked 
|   9|0x0000000080900000, 0x0000000080a00000, 0x0000000080a00000|100%| O|  |TAMS 0x0000000080a00000| PB 0x0000000080900000| Untracked 
|  10|0x0000000080a00000, 0x0000000080aed5d8, 0x0000000080b00000| 92%| O|  |TAMS 0x0000000080aed5d8| PB 0x0000000080a00000| Updating 
|  11|0x0000000080b00000, 0x0000000080c00000, 0x0000000080c00000|100%|HS|  |TAMS 0x0000000080c00000| PB 0x0000000080b00000| Complete 
|  12|0x0000000080c00000, 0x0000000080d00000, 0x0000000080d00000|100%| O|  |TAMS 0x0000000080d00000| PB 0x0000000080c00000| Untracked 
|  13|0x0000000080d00000, 0x0000000080e00000, 0x0000000080e00000|100%| O|  |TAMS 0x0000000080e00000| PB 0x0000000080d00000| Untracked 
|  14|0x0000000080e00000, 0x0000000080f00000, 0x0000000080f00000|100%| O|  |TAMS 0x0000000080f00000| PB 0x0000000080e00000| Untracked 
|  15|0x0000000080f00000, 0x0000000081000000, 0x0000000081000000|100%| O|  |TAMS 0x0000000081000000| PB 0x0000000080f00000| Updating 
|  16|0x0000000081000000, 0x0000000081100000, 0x0000000081100000|100%| O|  |TAMS 0x0000000081100000| PB 0x0000000081000000| Untracked 
|  17|0x0000000081100000, 0x0000000081200000, 0x0000000081200000|100%| O|  |TAMS 0x0000000081200000| PB 0x0000000081100000| Untracked 
|  18|0x0000000081200000, 0x0000000081300000, 0x0000000081300000|100%| O|  |TAMS 0x0000000081300000| PB 0x0000000081200000| Updating 
|  19|0x0000000081300000, 0x0000000081400000, 0x0000000081400000|100%| O|  |TAMS 0x0000000081400000| PB 0x0000000081300000| Untracked 
|  20|0x0000000081400000, 0x0000000081500000, 0x0000000081500000|100%| O|  |TAMS 0x0000000081500000| PB 0x0000000081400000| Untracked 
|  21|0x0000000081500000, 0x0000000081600000, 0x0000000081600000|100%| O|  |TAMS 0x0000000081600000| PB 0x0000000081500000| Updating 
|  22|0x0000000081600000, 0x0000000081700000, 0x0000000081700000|100%| O|  |TAMS 0x0000000081700000| PB 0x0000000081600000| Untracked 
|  23|0x0000000081700000, 0x0000000081800000, 0x0000000081800000|100%|HS|  |TAMS 0x0000000081800000| PB 0x0000000081700000| Complete 
|  24|0x0000000081800000, 0x0000000081900000, 0x0000000081900000|100%|HS|  |TAMS 0x0000000081900000| PB 0x0000000081800000| Complete 
|  25|0x0000000081900000, 0x0000000081a00000, 0x0000000081a00000|100%|HS|  |TAMS 0x0000000081a00000| PB 0x0000000081900000| Complete 
|  26|0x0000000081a00000, 0x0000000081b00000, 0x0000000081b00000|100%|HC|  |TAMS 0x0000000081b00000| PB 0x0000000081a00000| Complete 
|  27|0x0000000081b00000, 0x0000000081c00000, 0x0000000081c00000|100%| O|  |TAMS 0x0000000081c00000| PB 0x0000000081b00000| Untracked 
|  28|0x0000000081c00000, 0x0000000081d00000, 0x0000000081d00000|100%| O|  |TAMS 0x0000000081d00000| PB 0x0000000081c00000| Untracked 
|  29|0x0000000081d00000, 0x0000000081e00000, 0x0000000081e00000|100%| O|  |TAMS 0x0000000081e00000| PB 0x0000000081d00000| Untracked 
|  30|0x0000000081e00000, 0x0000000081f00000, 0x0000000081f00000|100%| O|  |TAMS 0x0000000081f00000| PB 0x0000000081e00000| Untracked 
|  31|0x0000000081f00000, 0x0000000082000000, 0x0000000082000000|100%| O|  |TAMS 0x0000000082000000| PB 0x0000000081f00000| Untracked 
|  32|0x0000000082000000, 0x0000000082100000, 0x0000000082100000|100%| O|  |TAMS 0x0000000082100000| PB 0x0000000082000000| Untracked 
|  33|0x0000000082100000, 0x0000000082200000, 0x0000000082200000|100%| O|  |TAMS 0x0000000082200000| PB 0x0000000082100000| Untracked 
|  34|0x0000000082200000, 0x0000000082300000, 0x0000000082300000|100%| O|  |TAMS 0x0000000082300000| PB 0x0000000082200000| Untracked 
|  35|0x0000000082300000, 0x0000000082400000, 0x0000000082400000|100%| O|  |TAMS 0x0000000082400000| PB 0x0000000082300000| Untracked 
|  36|0x0000000082400000, 0x0000000082500000, 0x0000000082500000|100%| O|  |TAMS 0x0000000082500000| PB 0x0000000082400000| Untracked 
|  37|0x0000000082500000, 0x0000000082600000, 0x0000000082600000|100%|HS|  |TAMS 0x0000000082600000| PB 0x0000000082500000| Complete 
|  38|0x0000000082600000, 0x0000000082700000, 0x0000000082700000|100%|HC|  |TAMS 0x0000000082700000| PB 0x0000000082600000| Complete 
|  39|0x0000000082700000, 0x0000000082800000, 0x0000000082800000|100%|HS|  |TAMS 0x0000000082800000| PB 0x0000000082700000| Complete 
|  40|0x0000000082800000, 0x0000000082900000, 0x0000000082900000|100%|HS|  |TAMS 0x0000000082900000| PB 0x0000000082800000| Complete 
|  41|0x0000000082900000, 0x0000000082a00000, 0x0000000082a00000|100%| O|  |TAMS 0x0000000082a00000| PB 0x0000000082900000| Untracked 
|  42|0x0000000082a00000, 0x0000000082b00000, 0x0000000082b00000|100%| O|  |TAMS 0x0000000082b00000| PB 0x0000000082a00000| Untracked 
|  43|0x0000000082b00000, 0x0000000082c00000, 0x0000000082c00000|100%| O|  |TAMS 0x0000000082c00000| PB 0x0000000082b00000| Updating 
|  44|0x0000000082c00000, 0x0000000082d00000, 0x0000000082d00000|100%| O|  |TAMS 0x0000000082d00000| PB 0x0000000082c00000| Untracked 
|  45|0x0000000082d00000, 0x0000000082e00000, 0x0000000082e00000|100%|HS|  |TAMS 0x0000000082e00000| PB 0x0000000082d00000| Complete 
|  46|0x0000000082e00000, 0x0000000082f00000, 0x0000000082f00000|100%|HS|  |TAMS 0x0000000082f00000| PB 0x0000000082e00000| Complete 
|  47|0x0000000082f00000, 0x0000000083000000, 0x0000000083000000|100%| O|  |TAMS 0x0000000083000000| PB 0x0000000082f00000| Untracked 
|  48|0x0000000083000000, 0x0000000083100000, 0x0000000083100000|100%| O|  |TAMS 0x0000000083100000| PB 0x0000000083000000| Untracked 
|  49|0x0000000083100000, 0x0000000083200000, 0x0000000083200000|100%| O|  |TAMS 0x0000000083200000| PB 0x0000000083100000| Untracked 
|  50|0x0000000083200000, 0x0000000083300000, 0x0000000083300000|100%| O|  |TAMS 0x0000000083300000| PB 0x0000000083200000| Updating 
|  51|0x0000000083300000, 0x0000000083400000, 0x0000000083400000|100%| O|  |TAMS 0x0000000083400000| PB 0x0000000083300000| Updating 
|  52|0x0000000083400000, 0x0000000083500000, 0x0000000083500000|100%| O|  |TAMS 0x0000000083500000| PB 0x0000000083400000| Untracked 
|  53|0x0000000083500000, 0x0000000083600000, 0x0000000083600000|100%|HS|  |TAMS 0x0000000083600000| PB 0x0000000083500000| Complete 
|  54|0x0000000083600000, 0x0000000083700000, 0x0000000083700000|100%| O|  |TAMS 0x0000000083700000| PB 0x0000000083600000| Untracked 
|  55|0x0000000083700000, 0x0000000083800000, 0x0000000083800000|100%| O|  |TAMS 0x0000000083800000| PB 0x0000000083700000| Updating 
|  56|0x0000000083800000, 0x0000000083900000, 0x0000000083900000|100%| O|  |TAMS 0x0000000083900000| PB 0x0000000083800000| Updating 
|  57|0x0000000083900000, 0x0000000083a00000, 0x0000000083a00000|100%| O|  |TAMS 0x0000000083a00000| PB 0x0000000083900000| Updating 
|  58|0x0000000083a00000, 0x0000000083b00000, 0x0000000083b00000|100%| O|  |TAMS 0x0000000083b00000| PB 0x0000000083a00000| Untracked 
|  59|0x0000000083b00000, 0x0000000083c00000, 0x0000000083c00000|100%| O|  |TAMS 0x0000000083c00000| PB 0x0000000083b00000| Updating 
|  60|0x0000000083c00000, 0x0000000083d00000, 0x0000000083d00000|100%| O|  |TAMS 0x0000000083d00000| PB 0x0000000083c00000| Untracked 
|  61|0x0000000083d00000, 0x0000000083e00000, 0x0000000083e00000|100%| O|  |TAMS 0x0000000083e00000| PB 0x0000000083d00000| Untracked 
|  62|0x0000000083e00000, 0x0000000083f00000, 0x0000000083f00000|100%| O|  |TAMS 0x0000000083f00000| PB 0x0000000083e00000| Untracked 
|  63|0x0000000083f00000, 0x0000000084000000, 0x0000000084000000|100%| O|  |TAMS 0x0000000084000000| PB 0x0000000083f00000| Untracked 
|  64|0x0000000084000000, 0x0000000084100000, 0x0000000084100000|100%| O|  |TAMS 0x0000000084100000| PB 0x0000000084000000| Untracked 
|  65|0x0000000084100000, 0x0000000084200000, 0x0000000084200000|100%| O|  |TAMS 0x0000000084200000| PB 0x0000000084100000| Untracked 
|  66|0x0000000084200000, 0x0000000084300000, 0x0000000084300000|100%| O|  |TAMS 0x0000000084300000| PB 0x0000000084200000| Updating 
|  67|0x0000000084300000, 0x0000000084400000, 0x0000000084400000|100%| O|  |TAMS 0x0000000084400000| PB 0x0000000084300000| Updating 
|  68|0x0000000084400000, 0x0000000084500000, 0x0000000084500000|100%| O|  |TAMS 0x0000000084500000| PB 0x0000000084400000| Updating 
|  69|0x0000000084500000, 0x0000000084600000, 0x0000000084600000|100%| O|  |TAMS 0x0000000084600000| PB 0x0000000084500000| Updating 
|  70|0x0000000084600000, 0x0000000084700000, 0x0000000084700000|100%| O|  |TAMS 0x0000000084700000| PB 0x0000000084600000| Untracked 
|  71|0x0000000084700000, 0x0000000084800000, 0x0000000084800000|100%| O|  |TAMS 0x0000000084800000| PB 0x0000000084700000| Untracked 
|  72|0x0000000084800000, 0x0000000084900000, 0x0000000084900000|100%| O|  |TAMS 0x0000000084900000| PB 0x0000000084800000| Untracked 
|  73|0x0000000084900000, 0x0000000084a00000, 0x0000000084a00000|100%| O|  |TAMS 0x0000000084a00000| PB 0x0000000084900000| Untracked 
|  74|0x0000000084a00000, 0x0000000084b00000, 0x0000000084b00000|100%| O|  |TAMS 0x0000000084b00000| PB 0x0000000084a00000| Untracked 
|  75|0x0000000084b00000, 0x0000000084c00000, 0x0000000084c00000|100%| O|  |TAMS 0x0000000084c00000| PB 0x0000000084b00000| Updating 
|  76|0x0000000084c00000, 0x0000000084d00000, 0x0000000084d00000|100%| O|  |TAMS 0x0000000084d00000| PB 0x0000000084c00000| Updating 
|  77|0x0000000084d00000, 0x0000000084e00000, 0x0000000084e00000|100%| O|  |TAMS 0x0000000084e00000| PB 0x0000000084d00000| Updating 
|  78|0x0000000084e00000, 0x0000000084f00000, 0x0000000084f00000|100%| O|  |TAMS 0x0000000084f00000| PB 0x0000000084e00000| Updating 
|  79|0x0000000084f00000, 0x0000000085000000, 0x0000000085000000|100%| O|  |TAMS 0x0000000085000000| PB 0x0000000084f00000| Updating 
|  80|0x0000000085000000, 0x0000000085100000, 0x0000000085100000|100%| O|  |TAMS 0x0000000085100000| PB 0x0000000085000000| Updating 
|  81|0x0000000085100000, 0x0000000085200000, 0x0000000085200000|100%| O|  |TAMS 0x0000000085200000| PB 0x0000000085100000| Updating 
|  82|0x0000000085200000, 0x0000000085200000, 0x0000000085300000|  0%| F|  |TAMS 0x0000000085200000| PB 0x0000000085200000| Untracked 
|  83|0x0000000085300000, 0x0000000085400000, 0x0000000085400000|100%| O|  |TAMS 0x0000000085400000| PB 0x0000000085300000| Updating 
|  84|0x0000000085400000, 0x0000000085500000, 0x0000000085500000|100%| O|  |TAMS 0x0000000085500000| PB 0x0000000085400000| Untracked 
|  85|0x0000000085500000, 0x0000000085600000, 0x0000000085600000|100%|HS|  |TAMS 0x0000000085600000| PB 0x0000000085500000| Complete 
|  86|0x0000000085600000, 0x0000000085700000, 0x0000000085700000|100%| O|  |TAMS 0x0000000085700000| PB 0x0000000085600000| Updating 
|  87|0x0000000085700000, 0x0000000085800000, 0x0000000085800000|100%| O|  |TAMS 0x0000000085800000| PB 0x0000000085700000| Updating 
|  88|0x0000000085800000, 0x0000000085900000, 0x0000000085900000|100%| O|  |TAMS 0x0000000085900000| PB 0x0000000085800000| Updating 
|  89|0x0000000085900000, 0x0000000085a00000, 0x0000000085a00000|100%| O|  |TAMS 0x0000000085a00000| PB 0x0000000085900000| Updating 
|  90|0x0000000085a00000, 0x0000000085a00000, 0x0000000085b00000|  0%| F|  |TAMS 0x0000000085a00000| PB 0x0000000085a00000| Untracked 
|  91|0x0000000085b00000, 0x0000000085c00000, 0x0000000085c00000|100%| O|  |TAMS 0x0000000085c00000| PB 0x0000000085b00000| Updating 
|  92|0x0000000085c00000, 0x0000000085d00000, 0x0000000085d00000|100%| O|  |TAMS 0x0000000085d00000| PB 0x0000000085c00000| Updating 
|  93|0x0000000085d00000, 0x0000000085e00000, 0x0000000085e00000|100%| O|  |TAMS 0x0000000085e00000| PB 0x0000000085d00000| Updating 
|  94|0x0000000085e00000, 0x0000000085f00000, 0x0000000085f00000|100%| O|  |TAMS 0x0000000085f00000| PB 0x0000000085e00000| Updating 
|  95|0x0000000085f00000, 0x0000000086000000, 0x0000000086000000|100%| O|  |TAMS 0x0000000086000000| PB 0x0000000085f00000| Updating 
|  96|0x0000000086000000, 0x0000000086100000, 0x0000000086100000|100%| O|  |TAMS 0x0000000086100000| PB 0x0000000086000000| Updating 
|  97|0x0000000086100000, 0x0000000086200000, 0x0000000086200000|100%| O|  |TAMS 0x0000000086200000| PB 0x0000000086100000| Updating 
|  98|0x0000000086200000, 0x0000000086300000, 0x0000000086300000|100%|HS|  |TAMS 0x0000000086300000| PB 0x0000000086200000| Complete 
|  99|0x0000000086300000, 0x0000000086400000, 0x0000000086400000|100%| O|  |TAMS 0x0000000086400000| PB 0x0000000086300000| Updating 
| 100|0x0000000086400000, 0x0000000086500000, 0x0000000086500000|100%| O|  |TAMS 0x0000000086500000| PB 0x0000000086400000| Updating 
| 101|0x0000000086500000, 0x0000000086500000, 0x0000000086600000|  0%| F|  |TAMS 0x0000000086500000| PB 0x0000000086500000| Untracked 
| 102|0x0000000086600000, 0x0000000086600000, 0x0000000086700000|  0%| F|  |TAMS 0x0000000086600000| PB 0x0000000086600000| Untracked 
| 103|0x0000000086700000, 0x0000000086800000, 0x0000000086800000|100%| O|  |TAMS 0x0000000086800000| PB 0x0000000086700000| Updating 
| 104|0x0000000086800000, 0x0000000086800000, 0x0000000086900000|  0%| F|  |TAMS 0x0000000086800000| PB 0x0000000086800000| Untracked 
| 105|0x0000000086900000, 0x0000000086a00000, 0x0000000086a00000|100%| O|  |TAMS 0x0000000086a00000| PB 0x0000000086900000| Updating 
| 106|0x0000000086a00000, 0x0000000086b00000, 0x0000000086b00000|100%| O|  |TAMS 0x0000000086b00000| PB 0x0000000086a00000| Updating 
| 107|0x0000000086b00000, 0x0000000086b00000, 0x0000000086c00000|  0%| F|  |TAMS 0x0000000086b00000| PB 0x0000000086b00000| Untracked 
| 108|0x0000000086c00000, 0x0000000086c00000, 0x0000000086d00000|  0%| F|  |TAMS 0x0000000086c00000| PB 0x0000000086c00000| Untracked 
| 109|0x0000000086d00000, 0x0000000086d00000, 0x0000000086e00000|  0%| F|  |TAMS 0x0000000086d00000| PB 0x0000000086d00000| Untracked 
| 110|0x0000000086e00000, 0x0000000086f00000, 0x0000000086f00000|100%| O|  |TAMS 0x0000000086f00000| PB 0x0000000086e00000| Updating 
| 111|0x0000000086f00000, 0x0000000086f00000, 0x0000000087000000|  0%| F|  |TAMS 0x0000000086f00000| PB 0x0000000086f00000| Untracked 
| 112|0x0000000087000000, 0x0000000087000000, 0x0000000087100000|  0%| F|  |TAMS 0x0000000087000000| PB 0x0000000087000000| Untracked 
| 113|0x0000000087100000, 0x0000000087100000, 0x0000000087200000|  0%| F|  |TAMS 0x0000000087100000| PB 0x0000000087100000| Untracked 
| 114|0x0000000087200000, 0x0000000087200000, 0x0000000087300000|  0%| F|  |TAMS 0x0000000087200000| PB 0x0000000087200000| Untracked 
| 115|0x0000000087300000, 0x0000000087400000, 0x0000000087400000|100%| O|  |TAMS 0x0000000087400000| PB 0x0000000087300000| Updating 
| 116|0x0000000087400000, 0x0000000087500000, 0x0000000087500000|100%| O|  |TAMS 0x0000000087500000| PB 0x0000000087400000| Updating 
| 117|0x0000000087500000, 0x0000000087600000, 0x0000000087600000|100%| O|  |TAMS 0x0000000087600000| PB 0x0000000087500000| Updating 
| 118|0x0000000087600000, 0x0000000087700000, 0x0000000087700000|100%| O|  |TAMS 0x0000000087700000| PB 0x0000000087600000| Untracked 
| 119|0x0000000087700000, 0x0000000087715990, 0x0000000087800000|  8%| O|  |TAMS 0x0000000087715990| PB 0x0000000087700000| Updating 
| 120|0x0000000087800000, 0x0000000087900000, 0x0000000087900000|100%| O|  |TAMS 0x0000000087900000| PB 0x0000000087800000| Untracked 
| 121|0x0000000087900000, 0x0000000087900000, 0x0000000087a00000|  0%| F|  |TAMS 0x0000000087900000| PB 0x0000000087900000| Untracked 
| 122|0x0000000087a00000, 0x0000000087b00000, 0x0000000087b00000|100%| O|  |TAMS 0x0000000087b00000| PB 0x0000000087a00000| Untracked 
| 123|0x0000000087b00000, 0x0000000087c00000, 0x0000000087c00000|100%| O|  |TAMS 0x0000000087c00000| PB 0x0000000087b00000| Untracked 
| 124|0x0000000087c00000, 0x0000000087d00000, 0x0000000087d00000|100%| O|  |TAMS 0x0000000087d00000| PB 0x0000000087c00000| Untracked 
| 125|0x0000000087d00000, 0x0000000087e00000, 0x0000000087e00000|100%| O|  |TAMS 0x0000000087e00000| PB 0x0000000087d00000| Untracked 
| 126|0x0000000087e00000, 0x0000000087f00000, 0x0000000087f00000|100%| O|  |TAMS 0x0000000087f00000| PB 0x0000000087e00000| Untracked 
| 127|0x0000000087f00000, 0x0000000088000000, 0x0000000088000000|100%| O|  |TAMS 0x0000000088000000| PB 0x0000000087f00000| Untracked 
| 128|0x0000000088000000, 0x0000000088100000, 0x0000000088100000|100%| O|  |TAMS 0x0000000088100000| PB 0x0000000088000000| Untracked 
| 129|0x0000000088100000, 0x0000000088200000, 0x0000000088200000|100%| O|  |TAMS 0x0000000088200000| PB 0x0000000088100000| Updating 
| 130|0x0000000088200000, 0x0000000088300000, 0x0000000088300000|100%| O|  |TAMS 0x0000000088300000| PB 0x0000000088200000| Updating 
| 131|0x0000000088300000, 0x0000000088400000, 0x0000000088400000|100%| O|  |TAMS 0x0000000088400000| PB 0x0000000088300000| Updating 
| 132|0x0000000088400000, 0x0000000088500000, 0x0000000088500000|100%| O|  |TAMS 0x0000000088500000| PB 0x0000000088400000| Updating 
| 133|0x0000000088500000, 0x0000000088600000, 0x0000000088600000|100%| O|  |TAMS 0x0000000088600000| PB 0x0000000088500000| Updating 
| 134|0x0000000088600000, 0x0000000088700000, 0x0000000088700000|100%| O|  |TAMS 0x0000000088700000| PB 0x0000000088600000| Updating 
| 135|0x0000000088700000, 0x0000000088800000, 0x0000000088800000|100%|HS|  |TAMS 0x0000000088800000| PB 0x0000000088700000| Complete 
| 136|0x0000000088800000, 0x0000000088800000, 0x0000000088900000|  0%| F|  |TAMS 0x0000000088800000| PB 0x0000000088800000| Untracked 
| 137|0x0000000088900000, 0x0000000088a00000, 0x0000000088a00000|100%|HS|  |TAMS 0x0000000088a00000| PB 0x0000000088900000| Complete 
| 138|0x0000000088a00000, 0x0000000088b00000, 0x0000000088b00000|100%| O|  |TAMS 0x0000000088b00000| PB 0x0000000088a00000| Untracked 
| 139|0x0000000088b00000, 0x0000000088c00000, 0x0000000088c00000|100%| O|  |TAMS 0x0000000088c00000| PB 0x0000000088b00000| Untracked 
| 140|0x0000000088c00000, 0x0000000088d00000, 0x0000000088d00000|100%| O|  |TAMS 0x0000000088d00000| PB 0x0000000088c00000| Updating 
| 141|0x0000000088d00000, 0x0000000088e00000, 0x0000000088e00000|100%| O|  |TAMS 0x0000000088e00000| PB 0x0000000088d00000| Updating 
| 142|0x0000000088e00000, 0x0000000088f00000, 0x0000000088f00000|100%| O|  |TAMS 0x0000000088f00000| PB 0x0000000088e00000| Updating 
| 143|0x0000000088f00000, 0x0000000089000000, 0x0000000089000000|100%| O|  |TAMS 0x0000000089000000| PB 0x0000000088f00000| Updating 
| 144|0x0000000089000000, 0x0000000089100000, 0x0000000089100000|100%| O|  |TAMS 0x0000000089100000| PB 0x0000000089000000| Updating 
| 145|0x0000000089100000, 0x0000000089200000, 0x0000000089200000|100%| O|  |TAMS 0x0000000089200000| PB 0x0000000089100000| Updating 
| 146|0x0000000089200000, 0x0000000089300000, 0x0000000089300000|100%| O|  |TAMS 0x0000000089300000| PB 0x0000000089200000| Updating 
| 147|0x0000000089300000, 0x0000000089400000, 0x0000000089400000|100%| O|  |TAMS 0x0000000089400000| PB 0x0000000089300000| Updating 
| 148|0x0000000089400000, 0x0000000089500000, 0x0000000089500000|100%| O|  |TAMS 0x0000000089500000| PB 0x0000000089400000| Updating 
| 149|0x0000000089500000, 0x0000000089600000, 0x0000000089600000|100%| O|  |TAMS 0x0000000089600000| PB 0x0000000089500000| Updating 
| 150|0x0000000089600000, 0x0000000089700000, 0x0000000089700000|100%| O|  |TAMS 0x0000000089700000| PB 0x0000000089600000| Updating 
| 151|0x0000000089700000, 0x0000000089800000, 0x0000000089800000|100%| O|  |TAMS 0x0000000089800000| PB 0x0000000089700000| Updating 
| 152|0x0000000089800000, 0x0000000089900000, 0x0000000089900000|100%| O|  |TAMS 0x0000000089900000| PB 0x0000000089800000| Updating 
| 153|0x0000000089900000, 0x0000000089a00000, 0x0000000089a00000|100%| O|  |TAMS 0x0000000089a00000| PB 0x0000000089900000| Updating 
| 154|0x0000000089a00000, 0x0000000089b00000, 0x0000000089b00000|100%| O|  |TAMS 0x0000000089b00000| PB 0x0000000089a00000| Updating 
| 155|0x0000000089b00000, 0x0000000089b00000, 0x0000000089c00000|  0%| F|  |TAMS 0x0000000089b00000| PB 0x0000000089b00000| Untracked 
| 156|0x0000000089c00000, 0x0000000089c00000, 0x0000000089d00000|  0%| F|  |TAMS 0x0000000089c00000| PB 0x0000000089c00000| Untracked 
| 157|0x0000000089d00000, 0x0000000089d00000, 0x0000000089e00000|  0%| F|  |TAMS 0x0000000089d00000| PB 0x0000000089d00000| Untracked 
| 158|0x0000000089e00000, 0x0000000089e00000, 0x0000000089f00000|  0%| F|  |TAMS 0x0000000089e00000| PB 0x0000000089e00000| Untracked 
| 159|0x0000000089f00000, 0x000000008a000000, 0x000000008a000000|100%| O|  |TAMS 0x000000008a000000| PB 0x0000000089f00000| Updating 
| 160|0x000000008a000000, 0x000000008a000000, 0x000000008a100000|  0%| F|  |TAMS 0x000000008a000000| PB 0x000000008a000000| Untracked 
| 161|0x000000008a100000, 0x000000008a100000, 0x000000008a200000|  0%| F|  |TAMS 0x000000008a100000| PB 0x000000008a100000| Untracked 
| 162|0x000000008a200000, 0x000000008a200000, 0x000000008a300000|  0%| F|  |TAMS 0x000000008a200000| PB 0x000000008a200000| Untracked 
| 163|0x000000008a300000, 0x000000008a300000, 0x000000008a400000|  0%| F|  |TAMS 0x000000008a300000| PB 0x000000008a300000| Untracked 
| 164|0x000000008a400000, 0x000000008a400000, 0x000000008a500000|  0%| F|  |TAMS 0x000000008a400000| PB 0x000000008a400000| Untracked 
| 165|0x000000008a500000, 0x000000008a500000, 0x000000008a600000|  0%| F|  |TAMS 0x000000008a500000| PB 0x000000008a500000| Untracked 
| 166|0x000000008a600000, 0x000000008a6592c8, 0x000000008a700000| 34%| S|CS|TAMS 0x000000008a600000| PB 0x000000008a600000| Complete 
| 167|0x000000008a700000, 0x000000008a800000, 0x000000008a800000|100%| S|CS|TAMS 0x000000008a700000| PB 0x000000008a700000| Complete 
| 168|0x000000008a800000, 0x000000008a900000, 0x000000008a900000|100%|HS|  |TAMS 0x000000008a900000| PB 0x000000008a800000| Complete 
| 169|0x000000008a900000, 0x000000008aa00000, 0x000000008aa00000|100%|HC|  |TAMS 0x000000008aa00000| PB 0x000000008a900000| Complete 
| 170|0x000000008aa00000, 0x000000008ab00000, 0x000000008ab00000|100%|HC|  |TAMS 0x000000008ab00000| PB 0x000000008aa00000| Complete 
| 171|0x000000008ab00000, 0x000000008ac00000, 0x000000008ac00000|100%|HC|  |TAMS 0x000000008ac00000| PB 0x000000008ab00000| Complete 
| 172|0x000000008ac00000, 0x000000008ad00000, 0x000000008ad00000|100%|HC|  |TAMS 0x000000008ad00000| PB 0x000000008ac00000| Complete 
| 173|0x000000008ad00000, 0x000000008ae00000, 0x000000008ae00000|100%|HC|  |TAMS 0x000000008ae00000| PB 0x000000008ad00000| Complete 
| 174|0x000000008ae00000, 0x000000008af00000, 0x000000008af00000|100%|HC|  |TAMS 0x000000008af00000| PB 0x000000008ae00000| Complete 
| 175|0x000000008af00000, 0x000000008b000000, 0x000000008b000000|100%| O|  |TAMS 0x000000008b000000| PB 0x000000008b000000| Updating 
| 176|0x000000008b000000, 0x000000008b100000, 0x000000008b100000|100%| O|  |TAMS 0x000000008b100000| PB 0x000000008b100000| Updating 
| 177|0x000000008b100000, 0x000000008b200000, 0x000000008b200000|100%| O|  |TAMS 0x000000008b200000| PB 0x000000008b200000| Updating 
| 178|0x000000008b200000, 0x000000008b300000, 0x000000008b300000|100%| O|  |TAMS 0x000000008b300000| PB 0x000000008b300000| Updating 
| 179|0x000000008b300000, 0x000000008b400000, 0x000000008b400000|100%| O|  |TAMS 0x000000008b400000| PB 0x000000008b400000| Updating 
| 180|0x000000008b400000, 0x000000008b500000, 0x000000008b500000|100%| O|  |TAMS 0x000000008b500000| PB 0x000000008b500000| Updating 
| 181|0x000000008b500000, 0x000000008b600000, 0x000000008b600000|100%| O|  |TAMS 0x000000008b600000| PB 0x000000008b600000| Updating 
| 182|0x000000008b600000, 0x000000008b700000, 0x000000008b700000|100%| O|  |TAMS 0x000000008b700000| PB 0x000000008b700000| Updating 
| 183|0x000000008b700000, 0x000000008b800000, 0x000000008b800000|100%| O|  |TAMS 0x000000008b800000| PB 0x000000008b800000| Untracked 
| 184|0x000000008b800000, 0x000000008b900000, 0x000000008b900000|100%| O|  |TAMS 0x000000008b900000| PB 0x000000008b900000| Untracked 
| 185|0x000000008b900000, 0x000000008ba00000, 0x000000008ba00000|100%| O|  |TAMS 0x000000008ba00000| PB 0x000000008ba00000| Updating 
| 186|0x000000008ba00000, 0x000000008bb00000, 0x000000008bb00000|100%| S|CS|TAMS 0x000000008ba00000| PB 0x000000008ba00000| Complete 
| 187|0x000000008bb00000, 0x000000008bb00000, 0x000000008bc00000|  0%| F|  |TAMS 0x000000008bb00000| PB 0x000000008bb00000| Untracked 
| 188|0x000000008bc00000, 0x000000008bd00000, 0x000000008bd00000|100%| O|  |TAMS 0x000000008bd00000| PB 0x000000008bd00000| Updating 
| 189|0x000000008bd00000, 0x000000008bd00000, 0x000000008be00000|  0%| F|  |TAMS 0x000000008bd00000| PB 0x000000008bd00000| Untracked 
| 190|0x000000008be00000, 0x000000008be00000, 0x000000008bf00000|  0%| F|  |TAMS 0x000000008be00000| PB 0x000000008be00000| Untracked 
| 191|0x000000008bf00000, 0x000000008bf00000, 0x000000008c000000|  0%| F|  |TAMS 0x000000008bf00000| PB 0x000000008bf00000| Untracked 
| 192|0x000000008c000000, 0x000000008c000000, 0x000000008c100000|  0%| F|  |TAMS 0x000000008c000000| PB 0x000000008c000000| Untracked 
| 193|0x000000008c100000, 0x000000008c100000, 0x000000008c200000|  0%| F|  |TAMS 0x000000008c100000| PB 0x000000008c100000| Untracked 
| 194|0x000000008c200000, 0x000000008c200000, 0x000000008c300000|  0%| F|  |TAMS 0x000000008c200000| PB 0x000000008c200000| Untracked 
| 195|0x000000008c300000, 0x000000008c300000, 0x000000008c400000|  0%| F|  |TAMS 0x000000008c300000| PB 0x000000008c300000| Untracked 
| 196|0x000000008c400000, 0x000000008c400000, 0x000000008c500000|  0%| F|  |TAMS 0x000000008c400000| PB 0x000000008c400000| Untracked 
| 197|0x000000008c500000, 0x000000008c500000, 0x000000008c600000|  0%| F|  |TAMS 0x000000008c500000| PB 0x000000008c500000| Untracked 
| 198|0x000000008c600000, 0x000000008c600000, 0x000000008c700000|  0%| F|  |TAMS 0x000000008c600000| PB 0x000000008c600000| Untracked 
| 199|0x000000008c700000, 0x000000008c700000, 0x000000008c800000|  0%| F|  |TAMS 0x000000008c700000| PB 0x000000008c700000| Untracked 
| 200|0x000000008c800000, 0x000000008c800000, 0x000000008c900000|  0%| F|  |TAMS 0x000000008c800000| PB 0x000000008c800000| Untracked 
| 201|0x000000008c900000, 0x000000008c900000, 0x000000008ca00000|  0%| F|  |TAMS 0x000000008c900000| PB 0x000000008c900000| Untracked 
| 202|0x000000008ca00000, 0x000000008ca00000, 0x000000008cb00000|  0%| F|  |TAMS 0x000000008ca00000| PB 0x000000008ca00000| Untracked 
| 203|0x000000008cb00000, 0x000000008cb00000, 0x000000008cc00000|  0%| F|  |TAMS 0x000000008cb00000| PB 0x000000008cb00000| Untracked 
| 204|0x000000008cc00000, 0x000000008cc00000, 0x000000008cd00000|  0%| F|  |TAMS 0x000000008cc00000| PB 0x000000008cc00000| Untracked 
| 205|0x000000008cd00000, 0x000000008cd00000, 0x000000008ce00000|  0%| F|  |TAMS 0x000000008cd00000| PB 0x000000008cd00000| Untracked 
| 206|0x000000008ce00000, 0x000000008ce00000, 0x000000008cf00000|  0%| F|  |TAMS 0x000000008ce00000| PB 0x000000008ce00000| Untracked 
| 207|0x000000008cf00000, 0x000000008cf00000, 0x000000008d000000|  0%| F|  |TAMS 0x000000008cf00000| PB 0x000000008cf00000| Untracked 
| 208|0x000000008d000000, 0x000000008d000000, 0x000000008d100000|  0%| F|  |TAMS 0x000000008d000000| PB 0x000000008d000000| Untracked 
| 209|0x000000008d100000, 0x000000008d100000, 0x000000008d200000|  0%| F|  |TAMS 0x000000008d100000| PB 0x000000008d100000| Untracked 
| 210|0x000000008d200000, 0x000000008d200000, 0x000000008d300000|  0%| F|  |TAMS 0x000000008d200000| PB 0x000000008d200000| Untracked 
| 211|0x000000008d300000, 0x000000008d300000, 0x000000008d400000|  0%| F|  |TAMS 0x000000008d300000| PB 0x000000008d300000| Untracked 
| 212|0x000000008d400000, 0x000000008d400000, 0x000000008d500000|  0%| F|  |TAMS 0x000000008d400000| PB 0x000000008d400000| Untracked 
| 213|0x000000008d500000, 0x000000008d500000, 0x000000008d600000|  0%| F|  |TAMS 0x000000008d500000| PB 0x000000008d500000| Untracked 
| 214|0x000000008d600000, 0x000000008d600000, 0x000000008d700000|  0%| F|  |TAMS 0x000000008d600000| PB 0x000000008d600000| Untracked 
| 215|0x000000008d700000, 0x000000008d700000, 0x000000008d800000|  0%| F|  |TAMS 0x000000008d700000| PB 0x000000008d700000| Untracked 
| 216|0x000000008d800000, 0x000000008d800000, 0x000000008d900000|  0%| F|  |TAMS 0x000000008d800000| PB 0x000000008d800000| Untracked 
| 217|0x000000008d900000, 0x000000008d900000, 0x000000008da00000|  0%| F|  |TAMS 0x000000008d900000| PB 0x000000008d900000| Untracked 
| 218|0x000000008da00000, 0x000000008da00000, 0x000000008db00000|  0%| F|  |TAMS 0x000000008da00000| PB 0x000000008da00000| Untracked 
| 219|0x000000008db00000, 0x000000008db00000, 0x000000008dc00000|  0%| F|  |TAMS 0x000000008db00000| PB 0x000000008db00000| Untracked 
| 220|0x000000008dc00000, 0x000000008dc00000, 0x000000008dd00000|  0%| F|  |TAMS 0x000000008dc00000| PB 0x000000008dc00000| Untracked 
| 221|0x000000008dd00000, 0x000000008dd00000, 0x000000008de00000|  0%| F|  |TAMS 0x000000008dd00000| PB 0x000000008dd00000| Untracked 
| 222|0x000000008de00000, 0x000000008de00000, 0x000000008df00000|  0%| F|  |TAMS 0x000000008de00000| PB 0x000000008de00000| Untracked 
| 223|0x000000008df00000, 0x000000008df00000, 0x000000008e000000|  0%| F|  |TAMS 0x000000008df00000| PB 0x000000008df00000| Untracked 
| 224|0x000000008e000000, 0x000000008e000000, 0x000000008e100000|  0%| F|  |TAMS 0x000000008e000000| PB 0x000000008e000000| Untracked 
| 225|0x000000008e100000, 0x000000008e100000, 0x000000008e200000|  0%| F|  |TAMS 0x000000008e100000| PB 0x000000008e100000| Untracked 
| 226|0x000000008e200000, 0x000000008e200000, 0x000000008e300000|  0%| F|  |TAMS 0x000000008e200000| PB 0x000000008e200000| Untracked 
| 227|0x000000008e300000, 0x000000008e300000, 0x000000008e400000|  0%| F|  |TAMS 0x000000008e300000| PB 0x000000008e300000| Untracked 
| 228|0x000000008e400000, 0x000000008e400000, 0x000000008e500000|  0%| F|  |TAMS 0x000000008e400000| PB 0x000000008e400000| Untracked 
| 229|0x000000008e500000, 0x000000008e500000, 0x000000008e600000|  0%| F|  |TAMS 0x000000008e500000| PB 0x000000008e500000| Untracked 
| 230|0x000000008e600000, 0x000000008e600000, 0x000000008e700000|  0%| F|  |TAMS 0x000000008e600000| PB 0x000000008e600000| Untracked 
| 231|0x000000008e700000, 0x000000008e700000, 0x000000008e800000|  0%| F|  |TAMS 0x000000008e700000| PB 0x000000008e700000| Untracked 
| 232|0x000000008e800000, 0x000000008e800000, 0x000000008e900000|  0%| F|  |TAMS 0x000000008e800000| PB 0x000000008e800000| Untracked 
| 233|0x000000008e900000, 0x000000008e900000, 0x000000008ea00000|  0%| F|  |TAMS 0x000000008e900000| PB 0x000000008e900000| Untracked 
| 234|0x000000008ea00000, 0x000000008ea00000, 0x000000008eb00000|  0%| F|  |TAMS 0x000000008ea00000| PB 0x000000008ea00000| Untracked 
| 235|0x000000008eb00000, 0x000000008eb00000, 0x000000008ec00000|  0%| F|  |TAMS 0x000000008eb00000| PB 0x000000008eb00000| Untracked 
| 236|0x000000008ec00000, 0x000000008ec00000, 0x000000008ed00000|  0%| F|  |TAMS 0x000000008ec00000| PB 0x000000008ec00000| Untracked 
| 237|0x000000008ed00000, 0x000000008ed00000, 0x000000008ee00000|  0%| F|  |TAMS 0x000000008ed00000| PB 0x000000008ed00000| Untracked 
| 238|0x000000008ee00000, 0x000000008ee00000, 0x000000008ef00000|  0%| F|  |TAMS 0x000000008ee00000| PB 0x000000008ee00000| Untracked 
| 239|0x000000008ef00000, 0x000000008ef00000, 0x000000008f000000|  0%| F|  |TAMS 0x000000008ef00000| PB 0x000000008ef00000| Untracked 
| 240|0x000000008f000000, 0x000000008f000000, 0x000000008f100000|  0%| F|  |TAMS 0x000000008f000000| PB 0x000000008f000000| Untracked 
| 241|0x000000008f100000, 0x000000008f100000, 0x000000008f200000|  0%| F|  |TAMS 0x000000008f100000| PB 0x000000008f100000| Untracked 
| 242|0x000000008f200000, 0x000000008f200000, 0x000000008f300000|  0%| F|  |TAMS 0x000000008f200000| PB 0x000000008f200000| Untracked 
| 243|0x000000008f300000, 0x000000008f300000, 0x000000008f400000|  0%| F|  |TAMS 0x000000008f300000| PB 0x000000008f300000| Untracked 
| 244|0x000000008f400000, 0x000000008f400000, 0x000000008f500000|  0%| F|  |TAMS 0x000000008f400000| PB 0x000000008f400000| Untracked 
| 245|0x000000008f500000, 0x000000008f500000, 0x000000008f600000|  0%| F|  |TAMS 0x000000008f500000| PB 0x000000008f500000| Untracked 
| 246|0x000000008f600000, 0x000000008f600000, 0x000000008f700000|  0%| F|  |TAMS 0x000000008f600000| PB 0x000000008f600000| Untracked 
| 247|0x000000008f700000, 0x000000008f700000, 0x000000008f800000|  0%| F|  |TAMS 0x000000008f700000| PB 0x000000008f700000| Untracked 
| 248|0x000000008f800000, 0x000000008f800000, 0x000000008f900000|  0%| F|  |TAMS 0x000000008f800000| PB 0x000000008f800000| Untracked 
| 249|0x000000008f900000, 0x000000008f900000, 0x000000008fa00000|  0%| F|  |TAMS 0x000000008f900000| PB 0x000000008f900000| Untracked 
| 250|0x000000008fa00000, 0x000000008fa00000, 0x000000008fb00000|  0%| F|  |TAMS 0x000000008fa00000| PB 0x000000008fa00000| Untracked 
| 251|0x000000008fb00000, 0x000000008fb00000, 0x000000008fc00000|  0%| F|  |TAMS 0x000000008fb00000| PB 0x000000008fb00000| Untracked 
| 252|0x000000008fc00000, 0x000000008fc00000, 0x000000008fd00000|  0%| F|  |TAMS 0x000000008fc00000| PB 0x000000008fc00000| Untracked 
| 253|0x000000008fd00000, 0x000000008fd00000, 0x000000008fe00000|  0%| F|  |TAMS 0x000000008fd00000| PB 0x000000008fd00000| Untracked 
| 254|0x000000008fe00000, 0x000000008fe00000, 0x000000008ff00000|  0%| F|  |TAMS 0x000000008fe00000| PB 0x000000008fe00000| Untracked 
| 255|0x000000008ff00000, 0x000000008ff00000, 0x0000000090000000|  0%| F|  |TAMS 0x000000008ff00000| PB 0x000000008ff00000| Untracked 
| 256|0x0000000090000000, 0x0000000090000000, 0x0000000090100000|  0%| F|  |TAMS 0x0000000090000000| PB 0x0000000090000000| Untracked 
| 257|0x0000000090100000, 0x0000000090100000, 0x0000000090200000|  0%| F|  |TAMS 0x0000000090100000| PB 0x0000000090100000| Untracked 
| 258|0x0000000090200000, 0x0000000090200000, 0x0000000090300000|  0%| F|  |TAMS 0x0000000090200000| PB 0x0000000090200000| Untracked 
| 259|0x0000000090300000, 0x0000000090300000, 0x0000000090400000|  0%| F|  |TAMS 0x0000000090300000| PB 0x0000000090300000| Untracked 
| 260|0x0000000090400000, 0x0000000090400000, 0x0000000090500000|  0%| F|  |TAMS 0x0000000090400000| PB 0x0000000090400000| Untracked 
| 261|0x0000000090500000, 0x0000000090500000, 0x0000000090600000|  0%| F|  |TAMS 0x0000000090500000| PB 0x0000000090500000| Untracked 
| 262|0x0000000090600000, 0x0000000090600000, 0x0000000090700000|  0%| F|  |TAMS 0x0000000090600000| PB 0x0000000090600000| Untracked 
| 263|0x0000000090700000, 0x0000000090700000, 0x0000000090800000|  0%| F|  |TAMS 0x0000000090700000| PB 0x0000000090700000| Untracked 
| 264|0x0000000090800000, 0x0000000090800000, 0x0000000090900000|  0%| F|  |TAMS 0x0000000090800000| PB 0x0000000090800000| Untracked 
| 265|0x0000000090900000, 0x0000000090900000, 0x0000000090a00000|  0%| F|  |TAMS 0x0000000090900000| PB 0x0000000090900000| Untracked 
| 266|0x0000000090a00000, 0x0000000090a00000, 0x0000000090b00000|  0%| F|  |TAMS 0x0000000090a00000| PB 0x0000000090a00000| Untracked 
| 267|0x0000000090b00000, 0x0000000090b00000, 0x0000000090c00000|  0%| F|  |TAMS 0x0000000090b00000| PB 0x0000000090b00000| Untracked 
| 268|0x0000000090c00000, 0x0000000090c00000, 0x0000000090d00000|  0%| F|  |TAMS 0x0000000090c00000| PB 0x0000000090c00000| Untracked 
| 269|0x0000000090d00000, 0x0000000090d00000, 0x0000000090e00000|  0%| F|  |TAMS 0x0000000090d00000| PB 0x0000000090d00000| Untracked 
| 270|0x0000000090e00000, 0x0000000090e00000, 0x0000000090f00000|  0%| F|  |TAMS 0x0000000090e00000| PB 0x0000000090e00000| Untracked 
| 271|0x0000000090f00000, 0x0000000090f00000, 0x0000000091000000|  0%| F|  |TAMS 0x0000000090f00000| PB 0x0000000090f00000| Untracked 
| 272|0x0000000091000000, 0x0000000091000000, 0x0000000091100000|  0%| F|  |TAMS 0x0000000091000000| PB 0x0000000091000000| Untracked 
| 273|0x0000000091100000, 0x0000000091100000, 0x0000000091200000|  0%| F|  |TAMS 0x0000000091100000| PB 0x0000000091100000| Untracked 
| 274|0x0000000091200000, 0x0000000091200000, 0x0000000091300000|  0%| F|  |TAMS 0x0000000091200000| PB 0x0000000091200000| Untracked 
| 275|0x0000000091300000, 0x0000000091300000, 0x0000000091400000|  0%| F|  |TAMS 0x0000000091300000| PB 0x0000000091300000| Untracked 
| 276|0x0000000091400000, 0x0000000091400000, 0x0000000091500000|  0%| F|  |TAMS 0x0000000091400000| PB 0x0000000091400000| Untracked 
| 277|0x0000000091500000, 0x0000000091500000, 0x0000000091600000|  0%| F|  |TAMS 0x0000000091500000| PB 0x0000000091500000| Untracked 
| 278|0x0000000091600000, 0x0000000091600000, 0x0000000091700000|  0%| F|  |TAMS 0x0000000091600000| PB 0x0000000091600000| Untracked 
| 279|0x0000000091700000, 0x0000000091700000, 0x0000000091800000|  0%| F|  |TAMS 0x0000000091700000| PB 0x0000000091700000| Untracked 
| 280|0x0000000091800000, 0x0000000091800000, 0x0000000091900000|  0%| F|  |TAMS 0x0000000091800000| PB 0x0000000091800000| Untracked 
| 281|0x0000000091900000, 0x0000000091900000, 0x0000000091a00000|  0%| F|  |TAMS 0x0000000091900000| PB 0x0000000091900000| Untracked 
| 282|0x0000000091a00000, 0x0000000091a00000, 0x0000000091b00000|  0%| F|  |TAMS 0x0000000091a00000| PB 0x0000000091a00000| Untracked 
| 283|0x0000000091b00000, 0x0000000091b00000, 0x0000000091c00000|  0%| F|  |TAMS 0x0000000091b00000| PB 0x0000000091b00000| Untracked 
| 284|0x0000000091c00000, 0x0000000091c00000, 0x0000000091d00000|  0%| F|  |TAMS 0x0000000091c00000| PB 0x0000000091c00000| Untracked 
| 285|0x0000000091d00000, 0x0000000091d00000, 0x0000000091e00000|  0%| F|  |TAMS 0x0000000091d00000| PB 0x0000000091d00000| Untracked 
| 286|0x0000000091e00000, 0x0000000091e00000, 0x0000000091f00000|  0%| F|  |TAMS 0x0000000091e00000| PB 0x0000000091e00000| Untracked 
| 287|0x0000000091f00000, 0x0000000091f00000, 0x0000000092000000|  0%| F|  |TAMS 0x0000000091f00000| PB 0x0000000091f00000| Untracked 
| 288|0x0000000092000000, 0x0000000092000000, 0x0000000092100000|  0%| F|  |TAMS 0x0000000092000000| PB 0x0000000092000000| Untracked 
| 289|0x0000000092100000, 0x0000000092100000, 0x0000000092200000|  0%| F|  |TAMS 0x0000000092100000| PB 0x0000000092100000| Untracked 
| 290|0x0000000092200000, 0x0000000092200000, 0x0000000092300000|  0%| F|  |TAMS 0x0000000092200000| PB 0x0000000092200000| Untracked 
| 291|0x0000000092300000, 0x0000000092300000, 0x0000000092400000|  0%| F|  |TAMS 0x0000000092300000| PB 0x0000000092300000| Untracked 
| 292|0x0000000092400000, 0x0000000092400000, 0x0000000092500000|  0%| F|  |TAMS 0x0000000092400000| PB 0x0000000092400000| Untracked 
| 293|0x0000000092500000, 0x0000000092500000, 0x0000000092600000|  0%| F|  |TAMS 0x0000000092500000| PB 0x0000000092500000| Untracked 
| 294|0x0000000092600000, 0x0000000092600000, 0x0000000092700000|  0%| F|  |TAMS 0x0000000092600000| PB 0x0000000092600000| Untracked 
| 295|0x0000000092700000, 0x0000000092700000, 0x0000000092800000|  0%| F|  |TAMS 0x0000000092700000| PB 0x0000000092700000| Untracked 
| 296|0x0000000092800000, 0x0000000092800000, 0x0000000092900000|  0%| F|  |TAMS 0x0000000092800000| PB 0x0000000092800000| Untracked 
| 297|0x0000000092900000, 0x0000000092900000, 0x0000000092a00000|  0%| F|  |TAMS 0x0000000092900000| PB 0x0000000092900000| Untracked 
|2006|0x00000000fd600000, 0x00000000fd600000, 0x00000000fd700000|  0%| F|  |TAMS 0x00000000fd600000| PB 0x00000000fd600000| Untracked 
|2007|0x00000000fd700000, 0x00000000fd700000, 0x00000000fd800000|  0%| F|  |TAMS 0x00000000fd700000| PB 0x00000000fd700000| Untracked 
|2008|0x00000000fd800000, 0x00000000fd800000, 0x00000000fd900000|  0%| F|  |TAMS 0x00000000fd800000| PB 0x00000000fd800000| Untracked 
|2009|0x00000000fd900000, 0x00000000fda00000, 0x00000000fda00000|100%| O|  |TAMS 0x00000000fda00000| PB 0x00000000fd900000| Updating 
|2010|0x00000000fda00000, 0x00000000fda00000, 0x00000000fdb00000|  0%| F|  |TAMS 0x00000000fda00000| PB 0x00000000fda00000| Untracked 
|2011|0x00000000fdb00000, 0x00000000fdb00000, 0x00000000fdc00000|  0%| F|  |TAMS 0x00000000fdb00000| PB 0x00000000fdb00000| Untracked 
|2012|0x00000000fdc00000, 0x00000000fdc00000, 0x00000000fdd00000|  0%| F|  |TAMS 0x00000000fdc00000| PB 0x00000000fdc00000| Untracked 
|2013|0x00000000fdd00000, 0x00000000fdd00000, 0x00000000fde00000|  0%| F|  |TAMS 0x00000000fdd00000| PB 0x00000000fdd00000| Untracked 
|2014|0x00000000fde00000, 0x00000000fde00000, 0x00000000fdf00000|  0%| F|  |TAMS 0x00000000fde00000| PB 0x00000000fde00000| Untracked 
|2015|0x00000000fdf00000, 0x00000000fdf00000, 0x00000000fe000000|  0%| F|  |TAMS 0x00000000fdf00000| PB 0x00000000fdf00000| Untracked 
|2016|0x00000000fe000000, 0x00000000fe000000, 0x00000000fe100000|  0%| F|  |TAMS 0x00000000fe000000| PB 0x00000000fe000000| Untracked 
|2017|0x00000000fe100000, 0x00000000fe100000, 0x00000000fe200000|  0%| F|  |TAMS 0x00000000fe100000| PB 0x00000000fe100000| Untracked 
|2018|0x00000000fe200000, 0x00000000fe200000, 0x00000000fe300000|  0%| F|  |TAMS 0x00000000fe200000| PB 0x00000000fe200000| Untracked 
|2019|0x00000000fe300000, 0x00000000fe300000, 0x00000000fe400000|  0%| F|  |TAMS 0x00000000fe300000| PB 0x00000000fe300000| Untracked 
|2020|0x00000000fe400000, 0x00000000fe400000, 0x00000000fe500000|  0%| F|  |TAMS 0x00000000fe400000| PB 0x00000000fe400000| Untracked 
|2021|0x00000000fe500000, 0x00000000fe500000, 0x00000000fe600000|  0%| F|  |TAMS 0x00000000fe500000| PB 0x00000000fe500000| Untracked 
|2022|0x00000000fe600000, 0x00000000fe600000, 0x00000000fe700000|  0%| F|  |TAMS 0x00000000fe600000| PB 0x00000000fe600000| Untracked 
|2023|0x00000000fe700000, 0x00000000fe800000, 0x00000000fe800000|100%| O|  |TAMS 0x00000000fe800000| PB 0x00000000fe700000| Untracked 
|2024|0x00000000fe800000, 0x00000000fe800000, 0x00000000fe900000|  0%| F|  |TAMS 0x00000000fe800000| PB 0x00000000fe800000| Untracked 
|2025|0x00000000fe900000, 0x00000000fe900000, 0x00000000fea00000|  0%| F|  |TAMS 0x00000000fe900000| PB 0x00000000fe900000| Untracked 
|2026|0x00000000fea00000, 0x00000000feb00000, 0x00000000feb00000|100%| O|  |TAMS 0x00000000feb00000| PB 0x00000000fea00000| Untracked 
|2027|0x00000000feb00000, 0x00000000fec00000, 0x00000000fec00000|100%| O|  |TAMS 0x00000000fec00000| PB 0x00000000feb00000| Untracked 
|2028|0x00000000fec00000, 0x00000000fed00000, 0x00000000fed00000|100%| O|  |TAMS 0x00000000fed00000| PB 0x00000000fec00000| Updating 
|2029|0x00000000fed00000, 0x00000000fee00000, 0x00000000fee00000|100%| O|  |TAMS 0x00000000fee00000| PB 0x00000000fed00000| Untracked 
|2030|0x00000000fee00000, 0x00000000fef00000, 0x00000000fef00000|100%| O|  |TAMS 0x00000000fef00000| PB 0x00000000fee00000| Updating 
|2031|0x00000000fef00000, 0x00000000ff000000, 0x00000000ff000000|100%| O|  |TAMS 0x00000000ff000000| PB 0x00000000fef00000| Updating 
|2032|0x00000000ff000000, 0x00000000ff000000, 0x00000000ff100000|  0%| F|  |TAMS 0x00000000ff000000| PB 0x00000000ff000000| Untracked 
|2033|0x00000000ff100000, 0x00000000ff200000, 0x00000000ff200000|100%| O|  |TAMS 0x00000000ff200000| PB 0x00000000ff100000| Untracked 
|2034|0x00000000ff200000, 0x00000000ff200000, 0x00000000ff300000|  0%| F|  |TAMS 0x00000000ff200000| PB 0x00000000ff200000| Untracked 
|2035|0x00000000ff300000, 0x00000000ff300000, 0x00000000ff400000|  0%| F|  |TAMS 0x00000000ff300000| PB 0x00000000ff300000| Untracked 
|2036|0x00000000ff400000, 0x00000000ff500000, 0x00000000ff500000|100%| O|  |TAMS 0x00000000ff500000| PB 0x00000000ff400000| Updating 
|2037|0x00000000ff500000, 0x00000000ff600000, 0x00000000ff600000|100%| O|  |TAMS 0x00000000ff600000| PB 0x00000000ff500000| Untracked 
|2038|0x00000000ff600000, 0x00000000ff700000, 0x00000000ff700000|100%| O|  |TAMS 0x00000000ff700000| PB 0x00000000ff600000| Untracked 
|2039|0x00000000ff700000, 0x00000000ff800000, 0x00000000ff800000|100%| O|  |TAMS 0x00000000ff800000| PB 0x00000000ff700000| Untracked 
|2040|0x00000000ff800000, 0x00000000ff900000, 0x00000000ff900000|100%| O|  |TAMS 0x00000000ff900000| PB 0x00000000ff800000| Untracked 
|2041|0x00000000ff900000, 0x00000000ffa00000, 0x00000000ffa00000|100%| O|  |TAMS 0x00000000ffa00000| PB 0x00000000ff900000| Untracked 
|2042|0x00000000ffa00000, 0x00000000ffb00000, 0x00000000ffb00000|100%| O|  |TAMS 0x00000000ffb00000| PB 0x00000000ffa00000| Untracked 
|2043|0x00000000ffb00000, 0x00000000ffc00000, 0x00000000ffc00000|100%| O|  |TAMS 0x00000000ffc00000| PB 0x00000000ffb00000| Updating 
|2044|0x00000000ffc00000, 0x00000000ffd00000, 0x00000000ffd00000|100%| O|  |TAMS 0x00000000ffd00000| PB 0x00000000ffc00000| Untracked 
|2045|0x00000000ffd00000, 0x00000000ffe00000, 0x00000000ffe00000|100%| O|  |TAMS 0x00000000ffe00000| PB 0x00000000ffd00000| Untracked 
|2046|0x00000000ffe00000, 0x00000000fff00000, 0x00000000fff00000|100%| O|  |TAMS 0x00000000fff00000| PB 0x00000000ffe00000| Untracked 
|2047|0x00000000fff00000, 0x0000000100000000, 0x0000000100000000|100%| O|  |TAMS 0x0000000100000000| PB 0x00000000fff00000| Untracked 

Card table byte_map: [0x0000017330720000,0x0000017330b20000] _byte_map_base: 0x0000017330320000

Marking Bits: (CMBitMap*) 0x000001731c979550
 Bits: [0x0000017330b20000, 0x0000017332b20000)

Polling page: 0x000001731a6f0000

Metaspace:

Usage:
  Non-class:    113.27 MB used.
      Class:     19.19 MB used.
       Both:    132.46 MB used.

Virtual space:
  Non-class space:      128.00 MB reserved,     114.38 MB ( 89%) committed,  2 nodes.
      Class space:        1.00 GB reserved,      20.25 MB (  2%) committed,  1 nodes.
             Both:        1.12 GB reserved,     134.62 MB ( 12%) committed. 

Chunk freelists:
   Non-Class:  13.01 MB
       Class:  11.71 MB
        Both:  24.72 MB

MaxMetaspaceSize: unlimited
CompressedClassSpaceSize: 1.00 GB
Initial GC threshold: 21.00 MB
Current GC threshold: 224.38 MB
CDS: on
 - commit_granule_bytes: 65536.
 - commit_granule_words: 8192.
 - virtual_space_node_default_size: 8388608.
 - enlarge_chunks_in_place: 1.
 - use_allocation_guard: 0.


Internal statistics:

num_allocs_failed_limit: 12.
num_arena_births: 4478.
num_arena_deaths: 14.
num_vsnodes_births: 3.
num_vsnodes_deaths: 0.
num_space_committed: 2145.
num_space_uncommitted: 0.
num_chunks_returned_to_freelist: 33.
num_chunks_taken_from_freelist: 10743.
num_chunk_merges: 12.
num_chunk_splits: 7125.
num_chunks_enlarged: 4665.
num_inconsistent_stats: 0.

CodeHeap 'non-profiled nmethods': size=120000Kb used=12739Kb max_used=13606Kb free=107260Kb
 bounds [0x00000173288a0000, 0x00000173295f0000, 0x000001732fdd0000]
CodeHeap 'profiled nmethods': size=120000Kb used=33666Kb max_used=36199Kb free=86333Kb
 bounds [0x0000017320dd0000, 0x0000017323170000, 0x0000017328300000]
CodeHeap 'non-nmethods': size=5760Kb used=2147Kb max_used=2194Kb free=3613Kb
 bounds [0x0000017328300000, 0x0000017328570000, 0x00000173288a0000]
CodeCache: size=245760Kb, used=48552Kb, max_used=51999Kb, free=197206Kb
 total_blobs=18968, nmethods=17994, adapters=874, full_count=0
Compilation: enabled, stopped_count=0, restarted_count=0

Compilation events (20 events):
Event: 32.686 Thread 0x000001737f0e9030 nmethod 22750 0x0000017328e7d110 code [0x0000017328e7d360, 0x0000017328e7db60]
Event: 32.686 Thread 0x000001737f0e9030 22749       4       org.gradle.cache.internal.filelock.DefaultLockStateSerializer$SequenceNumberLockState::beforeUpdate (17 bytes)
Event: 32.687 Thread 0x000001737f0e9030 nmethod 22749 0x00000173293c1990 code [0x00000173293c1b20, 0x00000173293c1c28]
Event: 32.688 Thread 0x000001737f0e9030 22751       4       com.android.zipflinger.LocalFileHeader::write (221 bytes)
Event: 32.714 Thread 0x0000017335791210 22759       3       java.io.InputStream::read (9 bytes)
Event: 32.714 Thread 0x0000017335791210 nmethod 22759 0x0000017321c99e10 code [0x0000017321c99fc0, 0x0000017321c9a1a0]
Event: 32.718 Thread 0x000001737f0e9030 nmethod 22751 0x000001732947e990 code [0x000001732947ec00, 0x000001732947fdb0]
Event: 32.718 Thread 0x000001737f0e9030 22757       4       org.apache.commons.io.FilenameUtils::indexOfExtension (61 bytes)
Event: 32.726 Thread 0x000001737f0e9030 nmethod 22757 0x0000017328d64610 code [0x0000017328d647e0, 0x0000017328d64d80]
Event: 32.726 Thread 0x000001737f0e9030 22758       4       org.gradle.api.internal.changedetection.state.ZipHasher::isZipFile (19 bytes)
Event: 32.727 Thread 0x0000017335791210 22762       3       java.util.ArrayDeque::pop (5 bytes)
Event: 32.727 Thread 0x0000017335791210 nmethod 22762 0x0000017322a38810 code [0x0000017322a389c0, 0x0000017322a38b88]
Event: 32.776 Thread 0x000001737f0e9030 nmethod 22758 0x00000173295b8190 code [0x00000173295b8460, 0x00000173295b9a08]
Event: 32.776 Thread 0x000001737f0e9030 22760       4       org.apache.commons.io.FilenameUtils::getAdsCriticalOffset (49 bytes)
Event: 32.780 Thread 0x000001737f0e9030 nmethod 22760 0x0000017329342890 code [0x0000017329342a40, 0x0000017329342ca0]
Event: 32.780 Thread 0x000001737f0e9030 22761       4       com.google.common.collect.RegularImmutableList::spliterator (11 bytes)
Event: 32.782 Thread 0x000001737f0e9030 nmethod 22761 0x00000173293c1510 code [0x00000173293c16a0, 0x00000173293c1848]
Event: 32.782 Thread 0x000001737f0e9030 22752       4       com.android.zipflinger.LocalFileHeader::getSize (27 bytes)
Event: 32.782 Thread 0x000001737f0e9030 nmethod 22752 0x0000017328949690 code [0x0000017328949820, 0x00000173289498f0]
Event: 32.782 Thread 0x000001737f0e9030 22753       4       com.android.zipflinger.FreeStore::ualloc (78 bytes)

GC Heap History (20 events):
Event: 28.256 GC heap after
{Heap after GC invocations=49 (full 0):
 garbage-first heap   total 324608K, used 157967K [0x0000000080000000, 0x0000000100000000)
  region size 1024K, 8 young (8192K), 8 survivors (8192K)
 Metaspace       used 114893K, committed 117056K, reserved 1179648K
  class space    used 16346K, committed 17408K, reserved 1048576K
}
Event: 29.086 GC heap before
{Heap before GC invocations=49 (full 0):
 garbage-first heap   total 324608K, used 286991K [0x0000000080000000, 0x0000000100000000)
  region size 1024K, 133 young (136192K), 8 survivors (8192K)
 Metaspace       used 119502K, committed 121664K, reserved 1179648K
  class space    used 17007K, committed 18048K, reserved 1048576K
}
Event: 29.098 GC heap after
{Heap after GC invocations=50 (full 0):
 garbage-first heap   total 324608K, used 173096K [0x0000000080000000, 0x0000000100000000)
  region size 1024K, 17 young (17408K), 17 survivors (17408K)
 Metaspace       used 119502K, committed 121664K, reserved 1179648K
  class space    used 17007K, committed 18048K, reserved 1048576K
}
Event: 29.248 GC heap before
{Heap before GC invocations=50 (full 0):
 garbage-first heap   total 324608K, used 283688K [0x0000000080000000, 0x0000000100000000)
  region size 1024K, 127 young (130048K), 17 survivors (17408K)
 Metaspace       used 119600K, committed 121792K, reserved 1179648K
  class space    used 17012K, committed 18048K, reserved 1048576K
}
Event: 29.279 GC heap after
{Heap after GC invocations=51 (full 0):
 garbage-first heap   total 328704K, used 198581K [0x0000000080000000, 0x0000000100000000)
  region size 1024K, 17 young (17408K), 17 survivors (17408K)
 Metaspace       used 119600K, committed 121792K, reserved 1179648K
  class space    used 17012K, committed 18048K, reserved 1048576K
}
Event: 29.721 GC heap before
{Heap before GC invocations=52 (full 0):
 garbage-first heap   total 328704K, used 278453K [0x0000000080000000, 0x0000000100000000)
  region size 1024K, 104 young (106496K), 17 survivors (17408K)
 Metaspace       used 121006K, committed 123200K, reserved 1179648K
  class space    used 17241K, committed 18304K, reserved 1048576K
}
Event: 29.746 GC heap after
{Heap after GC invocations=53 (full 0):
 garbage-first heap   total 328704K, used 199306K [0x0000000080000000, 0x0000000100000000)
  region size 1024K, 13 young (13312K), 13 survivors (13312K)
 Metaspace       used 121006K, committed 123200K, reserved 1179648K
  class space    used 17241K, committed 18304K, reserved 1048576K
}
Event: 31.365 GC heap before
{Heap before GC invocations=53 (full 0):
 garbage-first heap   total 328704K, used 303754K [0x0000000080000000, 0x0000000100000000)
  region size 1024K, 98 young (100352K), 13 survivors (13312K)
 Metaspace       used 130546K, committed 132736K, reserved 1179648K
  class space    used 18727K, committed 19776K, reserved 1048576K
}
Event: 31.376 GC heap after
{Heap after GC invocations=54 (full 0):
 garbage-first heap   total 328704K, used 191195K [0x0000000080000000, 0x0000000100000000)
  region size 1024K, 4 young (4096K), 4 survivors (4096K)
 Metaspace       used 130546K, committed 132736K, reserved 1179648K
  class space    used 18727K, committed 19776K, reserved 1048576K
}
Event: 31.704 GC heap before
{Heap before GC invocations=54 (full 0):
 garbage-first heap   total 328704K, used 287451K [0x0000000080000000, 0x0000000100000000)
  region size 1024K, 99 young (101376K), 4 survivors (4096K)
 Metaspace       used 133476K, committed 135744K, reserved 1179648K
  class space    used 19326K, committed 20416K, reserved 1048576K
}
Event: 31.713 GC heap after
{Heap after GC invocations=55 (full 0):
 garbage-first heap   total 328704K, used 202677K [0x0000000080000000, 0x0000000100000000)
  region size 1024K, 13 young (13312K), 13 survivors (13312K)
 Metaspace       used 133476K, committed 135744K, reserved 1179648K
  class space    used 19326K, committed 20416K, reserved 1048576K
}
Event: 31.743 GC heap before
{Heap before GC invocations=55 (full 0):
 garbage-first heap   total 328704K, used 290741K [0x0000000080000000, 0x0000000100000000)
  region size 1024K, 100 young (102400K), 13 survivors (13312K)
 Metaspace       used 133529K, committed 135808K, reserved 1179648K
  class space    used 19326K, committed 20416K, reserved 1048576K
}
Event: 31.749 GC heap after
{Heap after GC invocations=56 (full 0):
 garbage-first heap   total 328704K, used 204104K [0x0000000080000000, 0x0000000100000000)
  region size 1024K, 4 young (4096K), 4 survivors (4096K)
 Metaspace       used 133529K, committed 135808K, reserved 1179648K
  class space    used 19326K, committed 20416K, reserved 1048576K
}
Event: 32.006 GC heap before
{Heap before GC invocations=57 (full 0):
 garbage-first heap   total 348160K, used 297288K [0x0000000080000000, 0x0000000100000000)
  region size 1024K, 93 young (95232K), 4 survivors (4096K)
 Metaspace       used 134266K, committed 136512K, reserved 1179648K
  class space    used 19402K, committed 20480K, reserved 1048576K
}
Event: 32.009 GC heap after
{Heap after GC invocations=58 (full 0):
 garbage-first heap   total 348160K, used 203979K [0x0000000080000000, 0x0000000100000000)
  region size 1024K, 4 young (4096K), 4 survivors (4096K)
 Metaspace       used 134266K, committed 136512K, reserved 1179648K
  class space    used 19402K, committed 20480K, reserved 1048576K
}
Event: 32.397 GC heap before
{Heap before GC invocations=58 (full 0):
 garbage-first heap   total 348160K, used 315595K [0x0000000080000000, 0x0000000100000000)
  region size 1024K, 112 young (114688K), 4 survivors (4096K)
 Metaspace       used 135636K, committed 137856K, reserved 1179648K
  class space    used 19657K, committed 20736K, reserved 1048576K
}
Event: 32.401 GC heap after
{Heap after GC invocations=59 (full 0):
 garbage-first heap   total 348160K, used 189376K [0x0000000080000000, 0x0000000100000000)
  region size 1024K, 2 young (2048K), 2 survivors (2048K)
 Metaspace       used 135636K, committed 137856K, reserved 1179648K
  class space    used 19657K, committed 20736K, reserved 1048576K
}
Event: 32.606 GC heap before
{Heap before GC invocations=59 (full 0):
 garbage-first heap   total 348160K, used 315328K [0x0000000080000000, 0x0000000100000000)
  region size 1024K, 126 young (129024K), 2 survivors (2048K)
 Metaspace       used 135652K, committed 137856K, reserved 1179648K
  class space    used 19658K, committed 20736K, reserved 1048576K
}
Event: 32.610 GC heap after
{Heap after GC invocations=60 (full 0):
 garbage-first heap   total 348160K, used 189608K [0x0000000080000000, 0x0000000100000000)
  region size 1024K, 3 young (3072K), 3 survivors (3072K)
 Metaspace       used 135652K, committed 137856K, reserved 1179648K
  class space    used 19658K, committed 20736K, reserved 1048576K
}
Event: 32.786 GC heap before
{Heap before GC invocations=60 (full 0):
 garbage-first heap   total 348160K, used 317608K [0x0000000080000000, 0x0000000100000000)
  region size 1024K, 131 young (134144K), 3 survivors (3072K)
 Metaspace       used 135641K, committed 137856K, reserved 1179648K
  class space    used 19654K, committed 20736K, reserved 1048576K
}

Dll operation events (4 events):
Event: 0.043 Loaded shared library C:\Users\Admin\.gradle\jdks\jetbrains_s_r_o_-21-amd64-windows.2\bin\java.dll
Event: 0.265 Loaded shared library C:\Users\Admin\.gradle\jdks\jetbrains_s_r_o_-21-amd64-windows.2\bin\jsvml.dll
Event: 0.291 Loaded shared library C:\Users\Admin\.gradle\jdks\jetbrains_s_r_o_-21-amd64-windows.2\bin\zip.dll
Event: 0.637 Loaded shared library C:\Users\Admin\.gradle\jdks\jetbrains_s_r_o_-21-amd64-windows.2\bin\verify.dll

Deoptimization events (20 events):
Event: 32.318 Thread 0x0000017302200770 Uncommon trap: trap_request=0xffffff45 fr.pc=0x0000017329040088 relative=0x00000000000013e8
Event: 32.318 Thread 0x0000017302200770 Uncommon trap: reason=unstable_if action=reinterpret pc=0x0000017329040088 method=java.util.zip.ZipInputStream.read([BII)I @ 13 c2
Event: 32.318 Thread 0x0000017302200770 DEOPT PACKING pc=0x0000017329040088 sp=0x0000004efeefac60
Event: 32.318 Thread 0x0000017302200770 DEOPT UNPACKING pc=0x0000017328354422 sp=0x0000004efeefac80 mode 2
Event: 32.343 Thread 0x0000017302201b20 Uncommon trap: trap_request=0xffffff45 fr.pc=0x0000017328d48254 relative=0x0000000000004554
Event: 32.344 Thread 0x0000017302201b20 Uncommon trap: reason=unstable_if action=reinterpret pc=0x0000017328d48254 method=java.util.zip.ZipFile$Source.initCEN(I)V @ 16 c2
Event: 32.344 Thread 0x0000017302201b20 DEOPT PACKING pc=0x0000017328d48254 sp=0x0000004eff1fad40
Event: 32.344 Thread 0x0000017302201b20 DEOPT UNPACKING pc=0x0000017328354422 sp=0x0000004eff1fad68 mode 2
Event: 32.345 Thread 0x0000017302201b20 Uncommon trap: trap_request=0xffffff45 fr.pc=0x00000173289a7318 relative=0x00000000000004f8
Event: 32.345 Thread 0x0000017302201b20 Uncommon trap: reason=unstable_if action=reinterpret pc=0x00000173289a7318 method=jdk.internal.misc.Unsafe.copyMemory(Ljava/lang/Object;JLjava/lang/Object;JJ)V @ 16 c2
Event: 32.345 Thread 0x0000017302201b20 DEOPT PACKING pc=0x00000173289a7318 sp=0x0000004eff1fae20
Event: 32.345 Thread 0x0000017302201b20 DEOPT UNPACKING pc=0x0000017328354422 sp=0x0000004eff1fab38 mode 2
Event: 32.345 Thread 0x0000017302201b20 Uncommon trap: trap_request=0xffffff45 fr.pc=0x0000017328fb1870 relative=0x00000000000001f0
Event: 32.345 Thread 0x0000017302201b20 Uncommon trap: reason=unstable_if action=reinterpret pc=0x0000017328fb1870 method=sun.nio.ch.IOUtil.writeFromNativeBuffer(Ljava/io/FileDescriptor;Ljava/nio/ByteBuffer;JZZILsun/nio/ch/NativeDispatcher;)I @ 76 c2
Event: 32.345 Thread 0x0000017302201b20 DEOPT PACKING pc=0x0000017328fb1870 sp=0x0000004eff1fae90
Event: 32.345 Thread 0x0000017302201b20 DEOPT UNPACKING pc=0x0000017328354422 sp=0x0000004eff1fade8 mode 2
Event: 32.358 Thread 0x00000173021fbf40 Uncommon trap: trap_request=0xffffff45 fr.pc=0x00000173289a5fd8 relative=0x0000000000000298
Event: 32.358 Thread 0x00000173021fbf40 Uncommon trap: reason=unstable_if action=reinterpret pc=0x00000173289a5fd8 method=jdk.internal.misc.Unsafe.copyMemory(Ljava/lang/Object;JLjava/lang/Object;JJ)V @ 16 c2
Event: 32.358 Thread 0x00000173021fbf40 DEOPT PACKING pc=0x00000173289a5fd8 sp=0x0000004efecfad40
Event: 32.358 Thread 0x00000173021fbf40 DEOPT UNPACKING pc=0x0000017328354422 sp=0x0000004efecfaad0 mode 2

Classes loaded (20 events):
Event: 24.425 Loading class com/sun/xml/internal/stream/util/ReadOnlyIterator
Event: 24.425 Loading class com/sun/xml/internal/stream/util/ReadOnlyIterator done
Event: 25.237 Loading class com/sun/org/apache/xerces/internal/dom/DeepNodeListImpl
Event: 25.237 Loading class com/sun/org/apache/xerces/internal/dom/DeepNodeListImpl done
Event: 28.957 Loading class java/util/concurrent/ForkJoinTask$AdaptedInterruptibleCallable
Event: 28.957 Loading class java/util/concurrent/ForkJoinTask$AdaptedInterruptibleCallable done
Event: 30.735 Loading class java/util/SortedSet$1
Event: 30.736 Loading class java/util/SortedSet$1 done
Event: 30.945 Loading class java/util/concurrent/ForkJoinTask$AdaptedCallable
Event: 30.945 Loading class java/util/concurrent/ForkJoinTask$AdaptedCallable done
Event: 31.670 Loading class java/nio/ByteBufferAsShortBufferL
Event: 31.671 Loading class java/nio/ByteBufferAsShortBufferL done
Event: 31.680 Loading class java/util/zip/Adler32
Event: 31.681 Loading class java/util/zip/Adler32 done
Event: 31.782 Loading class java/util/zip/ZipOutputStream$XEntry
Event: 31.782 Loading class java/util/zip/ZipOutputStream$XEntry done
Event: 31.976 Loading class java/nio/BufferUnderflowException
Event: 31.976 Loading class java/nio/BufferUnderflowException done
Event: 32.063 Loading class java/nio/HeapShortBuffer
Event: 32.064 Loading class java/nio/HeapShortBuffer done

Classes unloaded (7 events):
Event: 19.990 Thread 0x0000017335754630 Unloading class 0x0000017338fbb800 'java/lang/invoke/LambdaForm$DMH+0x0000017338fbb800'
Event: 32.729 Thread 0x0000017335754630 Unloading class 0x00000173392f0400 'java/lang/invoke/LambdaForm$DMH+0x00000173392f0400'
Event: 32.729 Thread 0x0000017335754630 Unloading class 0x00000173392d4400 'java/lang/invoke/LambdaForm$DMH+0x00000173392d4400'
Event: 32.729 Thread 0x0000017335754630 Unloading class 0x00000173392c9400 'java/lang/invoke/LambdaForm$MH+0x00000173392c9400'
Event: 32.729 Thread 0x0000017335754630 Unloading class 0x00000173392c8c00 'java/lang/invoke/LambdaForm$DMH+0x00000173392c8c00'
Event: 32.729 Thread 0x0000017335754630 Unloading class 0x00000173392c8000 'java/lang/invoke/LambdaForm$DMH+0x00000173392c8000'
Event: 32.729 Thread 0x0000017335754630 Unloading class 0x00000173392b0400 'java/lang/invoke/LambdaForm$DMH+0x00000173392b0400'

Classes redefined (0 events):
No events

Internal exceptions (20 events):
Event: 32.722 Thread 0x0000017302200e00 Exception <a 'sun/nio/fs/WindowsException'{0x000000008df47578}> (0x000000008df47578) 
thrown [s\src\hotspot\share\prims\jni.cpp, line 537]
Event: 32.722 Thread 0x0000017302200770 Exception <a 'sun/nio/fs/WindowsException'{0x000000008e0e9760}> (0x000000008e0e9760) 
thrown [s\src\hotspot\share\prims\jni.cpp, line 537]
Event: 32.723 Thread 0x0000017302200e00 Exception <a 'sun/nio/fs/WindowsException'{0x000000008df47720}> (0x000000008df47720) 
thrown [s\src\hotspot\share\prims\jni.cpp, line 537]
Event: 32.723 Thread 0x0000017302200770 Exception <a 'sun/nio/fs/WindowsException'{0x000000008e0ea0c8}> (0x000000008e0ea0c8) 
thrown [s\src\hotspot\share\prims\jni.cpp, line 537]
Event: 32.723 Thread 0x0000017302200770 Exception <a 'sun/nio/fs/WindowsException'{0x000000008dd72aa0}> (0x000000008dd72aa0) 
thrown [s\src\hotspot\share\prims\jni.cpp, line 537]
Event: 32.723 Thread 0x0000017302200770 Exception <a 'sun/nio/fs/WindowsException'{0x000000008dd735b0}> (0x000000008dd735b0) 
thrown [s\src\hotspot\share\prims\jni.cpp, line 537]
Event: 32.725 Thread 0x00000173021fbf40 Exception <a 'sun/nio/fs/WindowsException'{0x000000008e0f9c80}> (0x000000008e0f9c80) 
thrown [s\src\hotspot\share\prims\jni.cpp, line 537]
Event: 32.725 Thread 0x0000017302200770 Exception <a 'sun/nio/fs/WindowsException'{0x000000008dd7a188}> (0x000000008dd7a188) 
thrown [s\src\hotspot\share\prims\jni.cpp, line 537]
Event: 32.725 Thread 0x0000017302200770 Exception <a 'sun/nio/fs/WindowsException'{0x000000008dd7af80}> (0x000000008dd7af80) 
thrown [s\src\hotspot\share\prims\jni.cpp, line 537]
Event: 32.726 Thread 0x00000173021fbf40 Exception <a 'sun/nio/fs/WindowsException'{0x000000008dc69a60}> (0x000000008dc69a60) 
thrown [s\src\hotspot\share\prims\jni.cpp, line 537]
Event: 32.727 Thread 0x0000017302200770 Exception <a 'sun/nio/fs/WindowsException'{0x000000008dd80da0}> (0x000000008dd80da0) 
thrown [s\src\hotspot\share\prims\jni.cpp, line 537]
Event: 32.727 Thread 0x00000173021fbf40 Exception <a 'sun/nio/fs/WindowsException'{0x000000008dc72ca8}> (0x000000008dc72ca8) 
thrown [s\src\hotspot\share\prims\jni.cpp, line 537]
Event: 32.727 Thread 0x0000017302200770 Exception <a 'sun/nio/fs/WindowsException'{0x000000008dceca10}> (0x000000008dceca10) 
thrown [s\src\hotspot\share\prims\jni.cpp, line 537]
Event: 32.745 Thread 0x0000017303c0bdc0 Exception <a 'sun/nio/fs/WindowsException'{0x000000008dba42e0}> (0x000000008dba42e0) 
thrown [s\src\hotspot\share\prims\jni.cpp, line 537]
Event: 32.746 Thread 0x0000017303c0bdc0 Exception <a 'sun/nio/fs/WindowsException'{0x000000008dbab9c8}> (0x000000008dbab9c8) 
thrown [s\src\hotspot\share\prims\jni.cpp, line 537]
Event: 32.747 Thread 0x00000173021fbf40 Exception <a 'sun/nio/fs/WindowsException'{0x000000008dc75530}> (0x000000008dc75530) 
thrown [s\src\hotspot\share\prims\jni.cpp, line 537]
Event: 32.758 Thread 0x00000173021fe6a0 Exception <a 'sun/nio/fs/WindowsException'{0x000000008e0655b8}> (0x000000008e0655b8) 
thrown [s\src\hotspot\share\prims\jni.cpp, line 537]
Event: 32.772 Thread 0x00000173022000e0 Exception <a 'sun/nio/fs/WindowsException'{0x000000008c8e7bd0}> (0x000000008c8e7bd0) 
thrown [s\src\hotspot\share\prims\jni.cpp, line 537]
Event: 32.774 Thread 0x00000173021fb220 Exception <a 'sun/nio/fs/WindowsException'{0x0000000090dbada0}> (0x0000000090dbada0) 
thrown [s\src\hotspot\share\prims\jni.cpp, line 537]
Event: 32.781 Thread 0x0000017302201490 Exception <a 'sun/nio/fs/WindowsException'{0x000000008c584c30}> (0x000000008c584c30) 
thrown [s\src\hotspot\share\prims\jni.cpp, line 537]

ZGC Phase Switch (0 events):
No events

VM Operations (20 events):
Event: 31.939 Executing safepoint VM operation: G1PauseCleanup done
Event: 32.006 Executing safepoint VM operation: G1CollectForAllocation (G1 Evacuation Pause)
Event: 32.010 Executing safepoint VM operation: G1CollectForAllocation (G1 Evacuation Pause) done
Event: 32.068 Executing non-safepoint VM operation: HandshakeAllThreads (Deoptimize)
Event: 32.068 Executing non-safepoint VM operation: HandshakeAllThreads (Deoptimize) done
Event: 32.089 Executing non-safepoint VM operation: HandshakeAllThreads (Deoptimize)
Event: 32.090 Executing non-safepoint VM operation: HandshakeAllThreads (Deoptimize) done
Event: 32.189 Executing non-safepoint VM operation: HandshakeAllThreads (Deoptimize)
Event: 32.190 Executing non-safepoint VM operation: HandshakeAllThreads (Deoptimize) done
Event: 32.390 Executing safepoint VM operation: ICBufferFull
Event: 32.391 Executing safepoint VM operation: ICBufferFull done
Event: 32.397 Executing safepoint VM operation: G1CollectForAllocation (G1 Evacuation Pause)
Event: 32.402 Executing safepoint VM operation: G1CollectForAllocation (G1 Evacuation Pause) done
Event: 32.606 Executing safepoint VM operation: G1CollectForAllocation (G1 Evacuation Pause)
Event: 32.606 Executing safepoint VM operation: G1CollectForAllocation (G1 Evacuation Pause) done
Event: 32.606 Executing safepoint VM operation: G1CollectForAllocation (GCLocker Initiated GC)
Event: 32.610 Executing safepoint VM operation: G1CollectForAllocation (GCLocker Initiated GC) done
Event: 32.728 Executing safepoint VM operation: G1PauseRemark
Event: 32.744 Executing safepoint VM operation: G1PauseRemark done
Event: 32.785 Executing safepoint VM operation: G1CollectForAllocation (G1 Evacuation Pause)

Memory protections (0 events):
No events

Nmethod flushes (20 events):
Event: 32.742 Thread 0x0000017335754630 flushing  nmethod 0x0000017322d56e10
Event: 32.742 Thread 0x0000017335754630 flushing  nmethod 0x0000017322d57310
Event: 32.742 Thread 0x0000017335754630 flushing  nmethod 0x0000017322d57610
Event: 32.742 Thread 0x0000017335754630 flushing  nmethod 0x0000017322d58b90
Event: 32.742 Thread 0x0000017335754630 flushing  nmethod 0x0000017322d59890
Event: 32.742 Thread 0x0000017335754630 flushing  nmethod 0x0000017322d5bb90
Event: 32.742 Thread 0x0000017335754630 flushing  nmethod 0x0000017322dd5690
Event: 32.742 Thread 0x0000017335754630 flushing  nmethod 0x0000017322dd5a90
Event: 32.742 Thread 0x0000017335754630 flushing  nmethod 0x0000017322dd7690
Event: 32.742 Thread 0x0000017335754630 flushing  nmethod 0x0000017322dd7b90
Event: 32.742 Thread 0x0000017335754630 flushing  nmethod 0x0000017322e1af90
Event: 32.742 Thread 0x0000017335754630 flushing  nmethod 0x0000017322e1b690
Event: 32.742 Thread 0x0000017335754630 flushing  nmethod 0x0000017322e1bf10
Event: 32.742 Thread 0x0000017335754630 flushing  nmethod 0x0000017322e23390
Event: 32.742 Thread 0x0000017335754630 flushing  nmethod 0x0000017322e96510
Event: 32.742 Thread 0x0000017335754630 flushing  nmethod 0x0000017322f54410
Event: 32.742 Thread 0x0000017335754630 flushing  nmethod 0x0000017322fd6710
Event: 32.742 Thread 0x0000017335754630 flushing  nmethod 0x0000017322fd7710
Event: 32.742 Thread 0x0000017335754630 flushing  nmethod 0x0000017322fd8310
Event: 32.742 Thread 0x0000017335754630 flushing  nmethod 0x0000017322fd8910

Events (20 events):
Event: 32.021 Thread 0x000001730a61d3d0 Thread added: 0x000001730a61c6b0
Event: 32.021 Thread 0x0000017303c0bdc0 Thread added: 0x000001730a61a5e0
Event: 32.021 Thread 0x000001730a61c020 Thread added: 0x000001730a61ee10
Event: 32.021 Thread 0x000001730a61ac70 Thread added: 0x000001730a6201c0
Event: 32.022 Thread 0x000001730a61c6b0 Thread added: 0x000001730a61cd40
Event: 32.022 Thread 0x000001730a61ee10 Thread added: 0x000001730a620850
Event: 32.022 Thread 0x000001730a61a5e0 Thread added: 0x000001730234e0d0
Event: 32.022 Thread 0x0000017303c0bdc0 Thread added: 0x000001730234edf0
Event: 32.247 Thread 0x000001730234e0d0 Thread exited: 0x000001730234e0d0
Event: 32.247 Thread 0x000001730a61ac70 Thread exited: 0x000001730a61ac70
Event: 32.247 Thread 0x000001730a61b990 Thread exited: 0x000001730a61b990
Event: 32.247 Thread 0x000001730a61a5e0 Thread exited: 0x000001730a61a5e0
Event: 32.247 Thread 0x000001730a6201c0 Thread exited: 0x000001730a6201c0
Event: 32.247 Thread 0x000001730a61ee10 Thread exited: 0x000001730a61ee10
Event: 32.247 Thread 0x000001730a61d3d0 Thread exited: 0x000001730a61d3d0
Event: 32.247 Thread 0x000001730a61cd40 Thread exited: 0x000001730a61cd40
Event: 32.247 Thread 0x000001730234edf0 Thread exited: 0x000001730234edf0
Event: 32.247 Thread 0x000001730a620850 Thread exited: 0x000001730a620850
Event: 32.247 Thread 0x000001730a61c020 Thread exited: 0x000001730a61c020
Event: 32.247 Thread 0x000001730a61c6b0 Thread exited: 0x000001730a61c6b0


Dynamic libraries:
0x00007ff6836a0000 - 0x00007ff6836aa000 	C:\Users\Admin\.gradle\jdks\jetbrains_s_r_o_-21-amd64-windows.2\bin\java.exe
0x00007ffea68a0000 - 0x00007ffea6b06000 	C:\WINDOWS\SYSTEM32\ntdll.dll
0x00007ffea59d0000 - 0x00007ffea5a99000 	C:\WINDOWS\System32\KERNEL32.DLL
0x00007ffea3e20000 - 0x00007ffea421e000 	C:\WINDOWS\System32\KERNELBASE.dll
0x00007ffea42f0000 - 0x00007ffea443c000 	C:\WINDOWS\System32\ucrtbase.dll
0x00007ffe7c2e0000 - 0x00007ffe7c2fe000 	C:\Users\Admin\.gradle\jdks\jetbrains_s_r_o_-21-amd64-windows.2\bin\VCRUNTIME140.dll
0x00007ffe7c160000 - 0x00007ffe7c178000 	C:\Users\Admin\.gradle\jdks\jetbrains_s_r_o_-21-amd64-windows.2\bin\jli.dll
0x00007ffea5650000 - 0x00007ffea5817000 	C:\WINDOWS\System32\USER32.dll
0x00007ffea3ac0000 - 0x00007ffea3ae7000 	C:\WINDOWS\System32\win32u.dll
0x00007ffea58e0000 - 0x00007ffea590b000 	C:\WINDOWS\System32\GDI32.dll
0x00007ffe8f260000 - 0x00007ffe8f4f2000 	C:\WINDOWS\WinSxS\amd64_microsoft.windows.common-controls_6595b64144ccf1df_6.0.26100.8875_none_3e0d5d42e32fe9dd\COMCTL32.dll
0x00007ffea3cf0000 - 0x00007ffea3e1a000 	C:\WINDOWS\System32\gdi32full.dll
0x00007ffea5b00000 - 0x00007ffea5ba9000 	C:\WINDOWS\System32\msvcrt.dll
0x00007ffea3af0000 - 0x00007ffea3b93000 	C:\WINDOWS\System32\msvcp_win.dll
0x00007ffea50f0000 - 0x00007ffea5122000 	C:\WINDOWS\System32\IMM32.DLL
0x00007ffe881e0000 - 0x00007ffe881ec000 	C:\Users\Admin\.gradle\jdks\jetbrains_s_r_o_-21-amd64-windows.2\bin\vcruntime140_1.dll
0x00007ffe49790000 - 0x00007ffe49819000 	C:\Users\Admin\.gradle\jdks\jetbrains_s_r_o_-21-amd64-windows.2\bin\msvcp140.dll
0x00007ffdd7240000 - 0x00007ffdd800e000 	C:\Users\Admin\.gradle\jdks\jetbrains_s_r_o_-21-amd64-windows.2\bin\server\jvm.dll
0x00007ffea5910000 - 0x00007ffea59c7000 	C:\WINDOWS\System32\ADVAPI32.dll
0x00007ffea5240000 - 0x00007ffea52ea000 	C:\WINDOWS\System32\sechost.dll
0x00007ffea4ee0000 - 0x00007ffea4ff8000 	C:\WINDOWS\System32\RPCRT4.dll
0x00007ffea5820000 - 0x00007ffea58a0000 	C:\WINDOWS\System32\WS2_32.dll
0x00007ffe9bac0000 - 0x00007ffe9baf6000 	C:\WINDOWS\SYSTEM32\WINMM.dll
0x00007ffea3920000 - 0x00007ffea397e000 	C:\WINDOWS\SYSTEM32\POWRPROF.dll
0x00007ffe9bb00000 - 0x00007ffe9bb0b000 	C:\WINDOWS\SYSTEM32\VERSION.dll
0x00007ffea3900000 - 0x00007ffea3914000 	C:\WINDOWS\SYSTEM32\UMPDC.dll
0x00007ffea2760000 - 0x00007ffea277b000 	C:\WINDOWS\SYSTEM32\kernel.appcore.dll
0x00007ffe85490000 - 0x00007ffe8549a000 	C:\Users\Admin\.gradle\jdks\jetbrains_s_r_o_-21-amd64-windows.2\bin\jimage.dll
0x00007ffe96f10000 - 0x00007ffe97152000 	C:\WINDOWS\SYSTEM32\DBGHELP.DLL
0x00007ffea5d20000 - 0x00007ffea60a3000 	C:\WINDOWS\System32\combase.dll
0x00007ffea5000000 - 0x00007ffea50d9000 	C:\WINDOWS\System32\OLEAUT32.dll
0x00007ffe85770000 - 0x00007ffe857ab000 	C:\WINDOWS\SYSTEM32\dbgcore.DLL
0x00007ffea4230000 - 0x00007ffea42dc000 	C:\WINDOWS\System32\bcryptPrimitives.dll
0x00007ffe841e0000 - 0x00007ffe841f0000 	C:\Users\Admin\.gradle\jdks\jetbrains_s_r_o_-21-amd64-windows.2\bin\instrument.dll
0x00007ffe783a0000 - 0x00007ffe783c1000 	C:\Users\Admin\.gradle\jdks\jetbrains_s_r_o_-21-amd64-windows.2\bin\java.dll
0x00007ffea60c0000 - 0x00007ffea6852000 	C:\WINDOWS\System32\SHELL32.dll
0x00007ffea1540000 - 0x00007ffea1dd2000 	C:\WINDOWS\SYSTEM32\windows.storage.dll
0x00007ffea5550000 - 0x00007ffea5647000 	C:\WINDOWS\System32\SHCORE.dll
0x00007ffea4b30000 - 0x00007ffea4b97000 	C:\WINDOWS\System32\shlwapi.dll
0x00007ffea39e0000 - 0x00007ffea3a09000 	C:\WINDOWS\SYSTEM32\profapi.dll
0x00007ffddf510000 - 0x00007ffddf5e7000 	C:\Users\Admin\.gradle\jdks\jetbrains_s_r_o_-21-amd64-windows.2\bin\jsvml.dll
0x00007ffe762c0000 - 0x00007ffe762d8000 	C:\Users\Admin\.gradle\jdks\jetbrains_s_r_o_-21-amd64-windows.2\bin\zip.dll
0x00007ffe76220000 - 0x00007ffe76231000 	C:\Users\Admin\.gradle\jdks\jetbrains_s_r_o_-21-amd64-windows.2\bin\net.dll
0x00007ffe9c3e0000 - 0x00007ffe9c507000 	C:\WINDOWS\SYSTEM32\WINHTTP.dll
0x00007ffea2cf0000 - 0x00007ffea2d5c000 	C:\WINDOWS\system32\mswsock.dll
0x00007ffe70f10000 - 0x00007ffe70f26000 	C:\Users\Admin\.gradle\jdks\jetbrains_s_r_o_-21-amd64-windows.2\bin\nio.dll
0x00007ffe84160000 - 0x00007ffe84170000 	C:\Users\Admin\.gradle\jdks\jetbrains_s_r_o_-21-amd64-windows.2\bin\verify.dll
0x00007ffe81240000 - 0x00007ffe81267000 	C:\Users\Admin\.gradle\native\660c5614fbf4a5f2a75b1949f50a0caf5cd603558e7d8a26e50b933a0cfb79d1\windows-amd64\native-platform.dll
0x00007ffe4e410000 - 0x00007ffe4e487000 	C:\Users\Admin\.gradle\native\0.2.8\x86_64-windows-gnu\gradle-fileevents.dll
0x00007ffe83ec0000 - 0x00007ffe83eca000 	C:\Users\Admin\.gradle\jdks\jetbrains_s_r_o_-21-amd64-windows.2\bin\management.dll
0x00007ffe837e0000 - 0x00007ffe837ec000 	C:\Users\Admin\.gradle\jdks\jetbrains_s_r_o_-21-amd64-windows.2\bin\management_ext.dll
0x00007ffea60b0000 - 0x00007ffea60b8000 	C:\WINDOWS\System32\PSAPI.DLL
0x00007ffea2110000 - 0x00007ffea2143000 	C:\WINDOWS\SYSTEM32\IPHLPAPI.DLL
0x00007ffea4dd0000 - 0x00007ffea4dda000 	C:\WINDOWS\System32\NSI.dll
0x00007ffe833a0000 - 0x00007ffe833a9000 	C:\Users\Admin\.gradle\jdks\jetbrains_s_r_o_-21-amd64-windows.2\bin\extnet.dll
0x00007ffea3120000 - 0x00007ffea313b000 	C:\WINDOWS\SYSTEM32\CRYPTSP.dll
0x00007ffea26c0000 - 0x00007ffea26f9000 	C:\WINDOWS\system32\rsaenh.dll
0x00007ffea2db0000 - 0x00007ffea2de2000 	C:\WINDOWS\SYSTEM32\USERENV.dll
0x00007ffea39b0000 - 0x00007ffea39da000 	C:\WINDOWS\SYSTEM32\bcrypt.dll
0x00007ffea30f0000 - 0x00007ffea30fc000 	C:\WINDOWS\SYSTEM32\CRYPTBASE.dll
0x00007ffe832a0000 - 0x00007ffe832ae000 	C:\Users\Admin\.gradle\jdks\jetbrains_s_r_o_-21-amd64-windows.2\bin\sunmscapi.dll
0x00007ffea4450000 - 0x00007ffea45c8000 	C:\WINDOWS\System32\CRYPT32.dll
0x00007ffea3290000 - 0x00007ffea32c0000 	C:\WINDOWS\SYSTEM32\ncrypt.dll
0x00007ffea3240000 - 0x00007ffea327f000 	C:\WINDOWS\SYSTEM32\NTASN1.dll
0x00007ffe8a7a0000 - 0x00007ffe8a7a8000 	C:\WINDOWS\system32\wshunix.dll
0x00007ffea2200000 - 0x00007ffea2356000 	C:\WINDOWS\SYSTEM32\DNSAPI.dll
0x00007ffea2b10000 - 0x00007ffea2b1d000 	C:\WINDOWS\SYSTEM32\DSPARSE.dll
0x00007ffe99000000 - 0x00007ffe9900b000 	C:\Windows\System32\rasadhlp.dll
0x00007ffe99660000 - 0x00007ffe996e6000 	C:\WINDOWS\System32\fwpuclnt.dll
0x00007ffea2890000 - 0x00007ffea28c6000 	C:\WINDOWS\SYSTEM32\ntmarta.dll

JVMTI agents:
C:\Users\Admin\.gradle\wrapper\dists\gradle-9.4.1-bin\arn2x92ynaizyzdaamcbpbhtj\gradle-9.4.1\lib\agents\gradle-instrumentation-agent-9.4.1.jar path:C:\Users\Admin\.gradle\jdks\jetbrains_s_r_o_-21-amd64-windows.2\bin\instrument.dll, loaded, initialized, instrumentlib options:none

dbghelp: loaded successfully - version: 4.0.5 - missing functions: none
symbol engine: initialized successfully - sym options: 0x614 - pdb path: .;C:\Users\Admin\.gradle\jdks\jetbrains_s_r_o_-21-amd64-windows.2\bin;C:\WINDOWS\SYSTEM32;C:\WINDOWS\WinSxS\amd64_microsoft.windows.common-controls_6595b64144ccf1df_6.0.26100.8875_none_3e0d5d42e32fe9dd;C:\Users\Admin\.gradle\jdks\jetbrains_s_r_o_-21-amd64-windows.2\bin\server;C:\Users\Admin\.gradle\native\660c5614fbf4a5f2a75b1949f50a0caf5cd603558e7d8a26e50b933a0cfb79d1\windows-amd64;C:\Users\Admin\.gradle\native\0.2.8\x86_64-windows-gnu

VM Arguments:
jvm_args: --add-opens=java.base/java.lang=ALL-UNNAMED --add-opens=java.base/java.lang.invoke=ALL-UNNAMED --add-opens=java.base/java.util=ALL-UNNAMED --add-opens=java.prefs/java.util.prefs=ALL-UNNAMED --add-exports=jdk.compiler/com.sun.tools.javac.api=ALL-UNNAMED --add-exports=jdk.compiler/com.sun.tools.javac.util=ALL-UNNAMED --add-opens=java.base/java.util=ALL-UNNAMED --add-opens=java.prefs/java.util.prefs=ALL-UNNAMED --add-opens=java.base/java.nio.charset=ALL-UNNAMED --add-opens=java.base/java.net=ALL-UNNAMED --add-opens=java.base/java.util.concurrent=ALL-UNNAMED --add-opens=java.base/java.util.concurrent.atomic=ALL-UNNAMED --add-opens=java.xml/javax.xml.namespace=ALL-UNNAMED --add-opens=java.base/java.time=ALL-UNNAMED -Xmx2048m -Dfile.encoding=UTF-8 -Duser.country=BR -Duser.language=pt -Duser.variant -javaagent:C:\Users\Admin\.gradle\wrapper\dists\gradle-9.4.1-bin\arn2x92ynaizyzdaamcbpbhtj\gradle-9.4.1\lib\agents\gradle-instrumentation-agent-9.4.1.jar 
java_command: org.gradle.launcher.daemon.bootstrap.GradleDaemon 9.4.1
java_class_path (initial): C:\Users\Admin\.gradle\wrapper\dists\gradle-9.4.1-bin\arn2x92ynaizyzdaamcbpbhtj\gradle-9.4.1\lib\gradle-daemon-main-9.4.1.jar
Launcher Type: SUN_STANDARD

[Global flags]
     intx CICompilerCount                          = 4                                         {product} {ergonomic}
     uint ConcGCThreads                            = 3                                         {product} {ergonomic}
     uint G1ConcRefinementThreads                  = 10                                        {product} {ergonomic}
   size_t G1HeapRegionSize                         = 1048576                                   {product} {ergonomic}
    uintx GCDrainStackTargetSize                   = 64                                        {product} {ergonomic}
   size_t InitialHeapSize                          = 257949696                                 {product} {ergonomic}
   size_t MarkStackSize                            = 4194304                                   {product} {ergonomic}
   size_t MaxHeapSize                              = 2147483648                                {product} {command line}
   size_t MaxNewSize                               = 1287651328                                {product} {ergonomic}
   size_t MinHeapDeltaBytes                        = 1048576                                   {product} {ergonomic}
   size_t MinHeapSize                              = 8388608                                   {product} {ergonomic}
    uintx NonNMethodCodeHeapSize                   = 5839372                                {pd product} {ergonomic}
    uintx NonProfiledCodeHeapSize                  = 122909434                              {pd product} {ergonomic}
     bool PerfDisableSharedMem                     = true                                      {product} {ergonomic}
    uintx ProfiledCodeHeapSize                     = 122909434                              {pd product} {ergonomic}
    uintx ReservedCodeCacheSize                    = 251658240                              {pd product} {ergonomic}
     bool SegmentedCodeCache                       = true                                      {product} {ergonomic}
   size_t SoftMaxHeapSize                          = 2147483648                             {manageable} {ergonomic}
     bool UseCompressedOops                        = true                           {product lp64_product} {ergonomic}
     bool UseG1GC                                  = true                                      {product} {ergonomic}
     bool UseLargePagesIndividualAllocation        = false                                  {pd product} {ergonomic}

Logging:
Log output configuration:
 #0: stdout all=warning uptime,level,tags foldmultilines=false
 #1: stderr all=off uptime,level,tags foldmultilines=false

Release file:
JAVA_VERSION="21.0.11" 
MODULES="java.base java.datatransfer java.xml java.prefs java.desktop gluegen.rt java.compiler java.instrument java.logging java.management java.security.sasl java.naming java.rmi java.management.rmi java.net.http java.scripting java.security.jgss java.transaction.xa java.sql java.sql.rowset java.xml.crypto java.se java.smartcardio jogl.all jcef jdk.accessibility jdk.internal.jvmstat jdk.attach jdk.charsets jdk.internal.opt jdk.zipfs jdk.compiler jdk.crypto.ec jdk.crypto.cryptoki jdk.crypto.mscapi jdk.dynalink jdk.internal.ed jdk.editpad jdk.hotspot.agent jdk.httpserver jdk.incubator.vector jdk.internal.le jdk.internal.vm.ci jdk.internal.vm.compiler jdk.internal.vm.compiler.management jdk.jartool jdk.javadoc jdk.jcmd jdk.management jdk.management.agent jdk.jconsole jdk.jdeps jdk.jdwp.agent jdk.jdi jdk.jfr jdk.jlink jdk.jpackage jdk.jshell jdk.jsobject jdk.jstatd jdk.localedata jdk.management.jfr jdk.naming.dns jdk.naming.rmi jdk.net jdk.nio.mapmode jdk.random jdk.sctp jdk.security.auth jdk.security.jgss jdk.unsupported jdk.unsupported.desktop jdk.xml.dom" 
IMPLEMENTOR="JetBrains s.r.o." 
IMPLEMENTOR_VERSION="JBRSDK-21.0.11+1-1163.116-jcef" 
JAVA_RUNTIME_VERSION="21.0.11+1-b1163.116" 
LIBC="default" 
OS_ARCH="x86_64" 
OS_NAME="Windows" 
SOURCE=".:git:cf1f197170a0+ jcef_git:git:4a605f44671a" 
JCEF_VERSION="137.0.17.1107+ge397b56" 
JCEF_COMMIT_HASH="e397b569415d3c67b114495985454e5201955573" 

Environment Variables:
CLASSPATH=C:\Users\Admin\Documents\GitHub\Projeto-TCC-fechado\\gradle\wrapper\gradle-wrapper.jar
PATH=C:\Program Files\Common Files\Oracle\Java\javapath;C:\Program Files (x86)\Common Files\Oracle\Java\java8path;C:\Program Files (x86)\Common Files\Oracle\Java\javapath;C:\WINDOWS\system32;C:\WINDOWS;C:\WINDOWS\System32\Wbem;C:\WINDOWS\System32\WindowsPowerShell\v1.0\;C:\WINDOWS\System32\OpenSSH\;C:\Program Files (x86)\Microsoft SQL Server\170\Tools\Binn\;C:\Program Files\Microsoft SQL Server\170\Tools\Binn\;C:\Program Files\Microsoft SQL Server\Client SDK\ODBC\180\Tools\Binn\;C:\Program Files\Microsoft SQL Server\170\DTS\Binn\;C:\Program Files\Git\cmd;C:\php;C:\ProgramData\ComposerSetup\bin;C:\Program Files\nodejs\;C:\Users\Admin\AppData\Local\Microsoft\WindowsApps;C:\Users\Admin\AppData\Local\Programs\Microsoft VS Code\bin;C:\Users\Admin\AppData\Roaming\Composer\vendor\bin;C:\Users\Admin\AppData\Roaming\npm;C:\Program Files\JetBrains\IntelliJ IDEA 2026.2.1\bin
USERNAME=Admin
OS=Windows_NT
PROCESSOR_IDENTIFIER=AMD64 Family 25 Model 80 Stepping 0, AuthenticAMD
TMP=C:\Users\Admin\AppData\Local\Temp
TEMP=C:\Users\Admin\AppData\Local\Temp




Periodic native trim disabled

JNI global refs:
JNI global refs: 31, weak refs: 2

JNI global refs memory usage: 835, weak refs: 833

Process memory usage:
Resident Set Size: 806628K (5% of 16100448K total physical memory with 2249100K free physical memory)

OOME stack traces (most recent first):
Classloader memory used:
Loader org.gradle.internal.classloader.VisitableURLClassLoader$InstrumentingVisitableURLClassLoader: 59367K
Loader org.gradle.internal.classloader.VisitableURLClassLoader                         : 46494K
Loader bootstrap                                                                       : 16466K
Loader org.gradle.initialization.MixInLegacyTypesClassLoader                           : 12023K
Loader jdk.internal.loader.ClassLoaders$PlatformClassLoader                            : 559K
Loader jdk.internal.reflect.DelegatingClassLoader                                      : 275K
Loader org.gradle.internal.classloader.VisitableURLClassLoader                         : 259K
Loader jdk.internal.loader.ClassLoaders$AppClassLoader                                 : 195K

Classes loaded by more than one classloader:
Class Program                                                                         : loaded 5 times (x 72B)
Class Build_gradle                                                                    : loaded 3 times (x 126B)
Class com.google.common.base.Equivalence$Identity                                     : loaded 2 times (x 82B)
Class com.google.common.collect.RegularImmutableMap$KeySet                            : loaded 2 times (x 152B)
Class org.gradle.internal.classloader.FilteringClassLoader                            : loaded 2 times (x 105B)
Class [Lcom.google.common.collect.MapMakerInternalMap$Segment;                        : loaded 2 times (x 69B)
Class [Lcom.google.common.base.AbstractIterator$State;                                : loaded 2 times (x 69B)
Class com.google.common.io.FileWriteMode                                              : loaded 2 times (x 79B)
Class com.google.common.base.CharMatcher$IsEither                                     : loaded 2 times (x 111B)
Class org.gradle.internal.classloader.ClassLoaderHierarchy                            : loaded 2 times (x 70B)
Class com.google.common.collect.AbstractMapBasedMultimap$WrappedCollection            : loaded 2 times (x 124B)
Class com.google.common.collect.ImmutableEnumSet                                      : loaded 2 times (x 146B)
Class com.google.common.util.concurrent.ExecutionError                                : loaded 2 times (x 82B)
Class com.google.common.collect.ImmutableList$1                                       : loaded 2 times (x 97B)
Class com.google.common.io.ByteArrayDataOutput                                        : loaded 2 times (x 70B)
Class com.google.common.collect.RegularImmutableMap                                   : loaded 2 times (x 121B)
Class com.google.common.collect.ImmutableMap$MapViewOfValuesAsSingletonSets           : loaded 2 times (x 126B)
Class com.google.gson.stream.MalformedJsonException                                   : loaded 2 times (x 82B)
Class com.google.common.collect.TransformedListIterator                               : loaded 2 times (x 93B)
Class [Lorg.objectweb.asm.Symbol;                                                     : loaded 2 times (x 69B)
Class org.objectweb.asm.ClassVisitor                                                  : loaded 2 times (x 88B)
Class com.google.common.collect.UnmodifiableListIterator                              : loaded 2 times (x 95B)
Class com.google.common.collect.MapMakerInternalMap$StrongKeyDummyValueEntry$LinkedStrongKeyDummyValueEntry: loaded 2 times (x 82B)
Class com.google.common.collect.MapMakerInternalMap$Strength                          : loaded 2 times (x 80B)
Class com.google.common.base.Platform$JdkPatternCompiler                              : loaded 2 times (x 75B)
Class org.objectweb.asm.MethodTooLargeException                                       : loaded 2 times (x 83B)
Class [Lcom.google.common.cache.CacheBuilder$OneWeigher;                              : loaded 2 times (x 69B)
Class com.google.common.base.Suppliers                                                : loaded 2 times (x 71B)
Class org.gradle.internal.classloader.DefaultClassLoaderFactory                       : loaded 2 times (x 82B)
Class com.google.common.base.CharMatcher$None                                         : loaded 2 times (x 112B)
Class [Lcom.google.common.collect.ImmutableMapEntry;                                  : loaded 2 times (x 69B)
Class com.google.common.collect.ImmutableRangeSet                                     : loaded 2 times (x 115B)
Class com.google.common.collect.ListMultimap                                          : loaded 2 times (x 70B)
Class com.google.common.collect.ImmutableEnumMap                                      : loaded 2 times (x 126B)
Class com.google.common.collect.Iterators$EmptyModifiableIterator                     : loaded 2 times (x 86B)
Class com.google.common.base.Splitter                                                 : loaded 2 times (x 72B)
Class com.google.common.collect.Sets$1                                                : loaded 2 times (x 139B)
Class org.objectweb.asm.AnnotationVisitor                                             : loaded 2 times (x 78B)
Class org.gradle.api.internal.DefaultClassPathProvider                                : loaded 2 times (x 76B)
Class com.google.common.collect.MapMakerInternalMap$Strength$1                        : loaded 2 times (x 80B)
Class com.google.common.collect.Maps$ViewCachingAbstractMap                           : loaded 2 times (x 125B)
Class com.google.common.collect.Sets$2                                                : loaded 2 times (x 139B)
Class [Lorg.gradle.api.internal.ClassPathProvider;                                    : loaded 2 times (x 69B)
Class org.gradle.api.internal.ClassPathProvider                                       : loaded 2 times (x 70B)
Class com.google.common.collect.MapMakerInternalMap$Strength$2                        : loaded 2 times (x 80B)
Class com.google.common.base.AbstractIterator$State                                   : loaded 2 times (x 79B)
Class [Lorg.objectweb.asm.AnnotationVisitor;                                          : loaded 2 times (x 69B)
Class com.google.common.collect.Sets$3                                                : loaded 2 times (x 139B)
Class com.google.common.cache.LocalCache$LocalLoadingCache                            : loaded 2 times (x 134B)
Class org.gradle.internal.service.UnknownServiceException                             : loaded 2 times (x 83B)
Class com.google.common.collect.MapMakerInternalMap$StrongValueEntry                  : loaded 2 times (x 70B)
Class com.google.common.io.ByteArrayDataInput                                         : loaded 2 times (x 70B)
Class com.google.common.collect.Sets$4                                                : loaded 2 times (x 139B)
Class org.objectweb.asm.ModuleVisitor                                                 : loaded 2 times (x 81B)
Class com.google.common.cache.LocalCache$Strength$1                                   : loaded 2 times (x 81B)
Class com.google.common.util.concurrent.SettableFuture                                : loaded 2 times (x 114B)
Class com.google.common.cache.LocalCache$Strength$2                                   : loaded 2 times (x 81B)
Class com.google.common.collect.Interners$InternerImpl                                : loaded 2 times (x 75B)
Class com.google.common.collect.Interner                                              : loaded 2 times (x 70B)
Class com.google.common.collect.TransformedIterator                                   : loaded 2 times (x 80B)
Class com.google.common.base.Splitter$1                                               : loaded 2 times (x 77B)
Class com.google.common.io.ByteStreams                                                : loaded 2 times (x 71B)
Class com.google.common.cache.LocalCache$Strength$3                                   : loaded 2 times (x 81B)
Class com.google.common.collect.MapDifference                                         : loaded 2 times (x 70B)
Class com.google.common.collect.MapMaker$Dummy                                        : loaded 2 times (x 79B)
Class org.objectweb.asm.FieldWriter                                                   : loaded 2 times (x 78B)
Class com.google.common.cache.CacheBuilder$NullListener                               : loaded 2 times (x 82B)
Class org.gradle.internal.classpath.TransformedClassPath                              : loaded 2 times (x 96B)
Class org.gradle.internal.classloader.InstrumentingClassLoader                        : loaded 2 times (x 70B)
Class com.google.common.collect.ImmutableListMultimap                                 : loaded 2 times (x 176B)
Class com.google.common.collect.ImmutableRangeSet$AsSet                               : loaded 2 times (x 300B)
Class com.google.common.cache.CacheLoader$FunctionToCacheLoader                       : loaded 2 times (x 75B)
Class com.google.common.base.PairwiseEquivalence                                      : loaded 2 times (x 83B)
Class com.google.common.collect.ImmutableCollection$Builder                           : loaded 2 times (x 76B)
Class com.google.common.collect.EmptyImmutableListMultimap                            : loaded 2 times (x 176B)
Class com.google.common.collect.BaseImmutableMultimap                                 : loaded 2 times (x 123B)
Class com.google.common.base.Joiner                                                   : loaded 2 times (x 79B)
Class com.google.common.base.MoreObjects                                              : loaded 2 times (x 71B)
Class [Lorg.objectweb.asm.Attribute;                                                  : loaded 2 times (x 69B)
Class com.google.common.collect.Platform                                              : loaded 2 times (x 71B)
Class [Lorg.objectweb.asm.Type;                                                       : loaded 2 times (x 69B)
Class com.google.common.collect.UnmodifiableIterator                                  : loaded 2 times (x 80B)
Class org.gradle.internal.service.ServiceLocator                                      : loaded 2 times (x 70B)
Class com.google.common.collect.SingletonImmutableBiMap                               : loaded 2 times (x 143B)
Class com.google.common.base.Ascii                                                    : loaded 2 times (x 71B)
Class com.google.common.cache.LocalCache$1                                            : loaded 2 times (x 89B)
Class com.google.common.collect.Iterators$SingletonIterator                           : loaded 2 times (x 81B)
Class com.google.common.collect.AbstractMapEntry                                      : loaded 2 times (x 81B)
Class com.google.common.collect.MapMakerInternalMap$AbstractStrongKeyEntry            : loaded 2 times (x 80B)
Class com.google.common.collect.Sets$ImprovedAbstractSet                              : loaded 2 times (x 135B)
Class com.google.common.collect.ImmutableList$Builder                                 : loaded 2 times (x 77B)
Class com.google.common.collect.AbstractMultimap                                      : loaded 2 times (x 123B)
Class com.google.common.cache.LocalCache$2                                            : loaded 2 times (x 142B)
Class com.google.common.collect.ImmutableRangeSet$1                                   : loaded 2 times (x 210B)
Class com.google.common.collect.RegularImmutableAsList                                : loaded 2 times (x 217B)
Class com.google.common.base.Optional                                                 : loaded 2 times (x 80B)
Class com.google.common.collect.Range                                                 : loaded 2 times (x 87B)
Class com.google.common.util.concurrent.AbstractFuture$Trusted                        : loaded 2 times (x 70B)
Class com.google.common.collect.Iterators                                             : loaded 2 times (x 71B)
Class com.google.common.io.ByteSink$AsCharSink                                        : loaded 2 times (x 80B)
Class com.google.common.collect.Lists$StringAsImmutableList                           : loaded 2 times (x 207B)
Class com.google.common.util.concurrent.UncheckedExecutionException                   : loaded 2 times (x 82B)
Class org.gradle.kotlin.dsl.VersionCatalogAccessorsKt                                 : loaded 2 times (x 71B)
Class com.google.common.collect.AbstractMapBasedMultimap$KeySet$1                     : loaded 2 times (x 82B)
Class org.objectweb.asm.ClassWriter                                                   : loaded 2 times (x 106B)
Class com.google.common.cache.CacheLoader$UnsupportedLoadingOperationException        : loaded 2 times (x 82B)
Class com.google.common.base.CharMatcher$And                                          : loaded 2 times (x 112B)
Class com.google.common.base.Objects                                                  : loaded 2 times (x 71B)
Class org.objectweb.asm.FieldVisitor                                                  : loaded 2 times (x 77B)
Class com.google.common.collect.IndexedImmutableSet                                   : loaded 2 times (x 152B)
Class com.google.common.collect.ImmutableMap$1                                        : loaded 2 times (x 81B)
Class com.google.common.collect.BiMap                                                 : loaded 2 times (x 70B)
Class org.gradle.api.internal.classpath.DefaultModuleRegistry$DefaultModule           : loaded 2 times (x 82B)
Class com.google.common.primitives.Ints                                               : loaded 2 times (x 71B)
Class com.google.common.collect.AbstractIterator                                      : loaded 2 times (x 82B)
Class com.google.common.collect.ObjectArrays                                          : loaded 2 times (x 71B)
Class com.google.common.math.MathPreconditions                                        : loaded 2 times (x 71B)
Class com.google.common.collect.Multiset                                              : loaded 2 times (x 70B)
Class com.google.common.collect.ArrayListMultimapGwtSerializationDependencies         : loaded 2 times (x 172B)
Class com.google.common.collect.AbstractIndexedListIterator                           : loaded 2 times (x 96B)
Class com.google.common.collect.ImmutableMapEntrySet                                  : loaded 2 times (x 152B)
Class org.gradle.api.internal.classpath.Module                                        : loaded 2 times (x 70B)
Class com.google.common.cache.Weigher                                                 : loaded 2 times (x 70B)
Class org.gradle.api.internal.classpath.UnknownModuleException                        : loaded 2 times (x 82B)
Class com.google.common.base.Stopwatch                                                : loaded 2 times (x 72B)
Class com.google.common.cache.LocalCache$Strength                                     : loaded 2 times (x 81B)
Class com.google.common.cache.Cache                                                   : loaded 2 times (x 70B)
Class com.google.gson.stream.JsonReader$1                                             : loaded 2 times (x 72B)
Class com.google.common.io.AppendableWriter                                           : loaded 2 times (x 100B)
Class com.google.common.base.NullnessCasts                                            : loaded 2 times (x 71B)
Class com.google.common.util.concurrent.AbstractFuture$Cancellation                   : loaded 2 times (x 72B)
Class com.google.common.collect.ImmutableMap$Builder                                  : loaded 2 times (x 82B)
Class com.google.common.base.Present                                                  : loaded 2 times (x 81B)
Class com.google.common.collect.AbstractMapBasedMultimap$WrappedCollection$WrappedIterator: loaded 2 times (x 84B)
Class com.google.common.cache.RemovalListener                                         : loaded 2 times (x 70B)
Class org.gradle.api.internal.DefaultClassPathRegistry                                : loaded 2 times (x 76B)
Class com.google.common.collect.ImmutableMultimap$Keys                                : loaded 2 times (x 166B)
Class com.google.common.primitives.IntsMethodsForWeb                                  : loaded 2 times (x 71B)
Class com.google.common.collect.Multimap                                              : loaded 2 times (x 70B)
Class org.gradle.internal.classpath.DefaultClassPath$ImmutableUniqueList              : loaded 2 times (x 199B)
Class org.gradle.api.internal.ClassPathRegistry                                       : loaded 2 times (x 70B)
Class com.google.common.collect.MapMakerInternalMap$Segment                           : loaded 2 times (x 142B)
Class com.google.common.base.ExtraObjectsMethodsForWeb                                : loaded 2 times (x 71B)
Class com.google.common.collect.Iterators$ArrayItr                                    : loaded 2 times (x 97B)
Class com.google.common.io.ByteSink                                                   : loaded 2 times (x 76B)
Class com.google.common.cache.CacheBuilder                                            : loaded 2 times (x 72B)
Class com.google.common.collect.SingletonImmutableList                                : loaded 2 times (x 207B)
Class Settings_gradle$1                                                               : loaded 2 times (x 74B)
Class org.gradle.internal.classpath.ClassPath                                         : loaded 2 times (x 70B)
Class com.google.common.collect.Interners$InternerBuilder                             : loaded 2 times (x 76B)
Class com.google.common.io.Files$FileByteSource                                       : loaded 2 times (x 85B)
Class com.google.common.base.JdkPattern                                               : loaded 2 times (x 75B)
Class com.google.common.collect.ImmutableList$ReverseImmutableList                    : loaded 2 times (x 209B)
Class com.google.common.io.CharStreams$NullWriter                                     : loaded 2 times (x 99B)
Class org.objectweb.asm.SymbolTable$Entry                                             : loaded 2 times (x 74B)
Class com.google.gson.internal.JsonReaderInternalAccess                               : loaded 2 times (x 72B)
Class org.gradle.api.internal.classpath.DefaultModuleRegistry$DefaultModuleAlias      : loaded 2 times (x 80B)
Class org.objectweb.asm.Edge                                                          : loaded 2 times (x 72B)
Class com.google.common.base.Suppliers$SupplierOfInstance                             : loaded 2 times (x 79B)
Class com.google.common.collect.Iterators$1                                           : loaded 2 times (x 81B)
Class com.google.common.cache.LocalCache$ComputingValueReference                      : loaded 2 times (x 96B)
Class com.google.common.collect.SingletonImmutableSet                                 : loaded 2 times (x 146B)
Class com.google.common.collect.ImmutableMap$IteratorBasedImmutableMap                : loaded 2 times (x 126B)
Class com.google.common.cache.LocalCache$Segment                                      : loaded 2 times (x 154B)
Class com.google.common.collect.SortedIterable                                        : loaded 2 times (x 70B)
Class com.google.common.collect.AbstractListMultimap                                  : loaded 2 times (x 172B)
Class [Lorg.objectweb.asm.SymbolTable$Entry;                                          : loaded 2 times (x 69B)
Class com.google.common.cache.CacheLoader                                             : loaded 2 times (x 74B)
Class com.google.common.collect.Iterators$4                                           : loaded 2 times (x 82B)
Class com.google.common.collect.ImmutableBiMap                                        : loaded 2 times (x 143B)
Class org.gradle.api.internal.classpath.ModuleRegistry                                : loaded 2 times (x 70B)
Class org.gradle.internal.installation.GradleInstallation$1                           : loaded 2 times (x 75B)
Class com.google.common.base.Splitter$SplittingIterator                               : loaded 2 times (x 84B)
Class com.google.common.collect.ImmutableSet$JdkBackedSetBuilderImpl                  : loaded 2 times (x 76B)
Class com.google.common.util.concurrent.internal.InternalFutureFailureAccess          : loaded 2 times (x 72B)
Class com.google.common.collect.Iterators$5                                           : loaded 2 times (x 82B)
Class com.google.common.collect.ImmutableMultimap$Values                              : loaded 2 times (x 126B)
Class com.google.common.cache.LocalCache$LocalManualCache$1                           : loaded 2 times (x 75B)
Class com.google.common.base.CharMatcher$ForPredicate                                 : loaded 2 times (x 112B)
Class com.google.common.base.CharMatcher$AnyOf                                        : loaded 2 times (x 112B)
Class com.google.common.collect.ImmutableCollection                                   : loaded 2 times (x 125B)
Class org.gradle.api.internal.classpath.DefaultModuleRegistry                         : loaded 2 times (x 84B)
Class com.google.common.collect.Lists                                                 : loaded 2 times (x 71B)
Class com.google.common.util.concurrent.ListenableFuture                              : loaded 2 times (x 70B)
Class com.google.common.cache.ReferenceEntry                                          : loaded 2 times (x 70B)
Class com.google.common.base.Converter                                                : loaded 2 times (x 90B)
Class com.google.common.collect.ImmutableSet$CachingAsList                            : loaded 2 times (x 148B)
Class com.google.common.collect.AbstractMapBasedMultimap                              : loaded 2 times (x 139B)
Class com.google.common.util.concurrent.AbstractFuture                                : loaded 2 times (x 106B)
Class com.google.common.base.FunctionalEquivalence                                    : loaded 2 times (x 83B)
Class com.google.common.collect.Iterators$9                                           : loaded 2 times (x 81B)
Class com.google.common.collect.ImmutableAsList                                       : loaded 2 times (x 209B)
Class com.google.common.io.CharStreams                                                : loaded 2 times (x 71B)
Class com.google.common.collect.ImmutableMultiset                                     : loaded 2 times (x 163B)
Class org.objectweb.asm.RecordComponentVisitor                                        : loaded 2 times (x 77B)
Class com.google.common.cache.CacheLoader$SupplierToCacheLoader                       : loaded 2 times (x 75B)
Class com.google.common.collect.Maps$EntryTransformer                                 : loaded 2 times (x 70B)
Class org.gradle.internal.service.ServiceLookupException                              : loaded 2 times (x 82B)
Class com.google.common.collect.ImmutableSortedSet                                    : loaded 2 times (x 300B)
Class [Lcom.google.common.cache.LocalCache$EntryFactory;                              : loaded 2 times (x 69B)
Class org.gradle.internal.classloader.ClassLoaderFactory                              : loaded 2 times (x 70B)
Class com.google.common.collect.ImmutableMap$SerializedForm                           : loaded 2 times (x 73B)
Class com.google.common.base.CommonPattern                                            : loaded 2 times (x 74B)
Class com.google.common.cache.LocalCache$LocalManualCache                             : loaded 2 times (x 99B)
Class com.google.common.base.CharMatcher$IsNot                                        : loaded 2 times (x 111B)
Class org.gradle.internal.service.CachingServiceLocator                               : loaded 2 times (x 82B)
Class com.google.common.collect.AbstractMapBasedMultimap$KeySet                       : loaded 2 times (x 137B)
Class com.google.common.collect.RegularImmutableSortedSet                             : loaded 2 times (x 300B)
Class com.google.common.math.IntMath                                                  : loaded 2 times (x 71B)
Class com.google.common.collect.MapMakerInternalMap$InternalEntry                     : loaded 2 times (x 70B)
Class com.google.common.collect.ImmutableMapEntry                                     : loaded 2 times (x 85B)
Class com.google.common.collect.ImmutableMultimap                                     : loaded 2 times (x 147B)
Class com.google.common.base.Equivalence                                              : loaded 2 times (x 82B)
Class com.google.common.base.Function                                                 : loaded 2 times (x 70B)
Class com.google.common.collect.ImmutableMapEntry$NonTerminalImmutableMapEntry        : loaded 2 times (x 85B)
Class com.google.common.cache.CacheBuilder$OneWeigher                                 : loaded 2 times (x 82B)
Class com.google.common.collect.RegularImmutableList                                  : loaded 2 times (x 213B)
Class org.gradle.internal.classloader.ClasspathUtil                                   : loaded 2 times (x 71B)
Class com.google.common.util.concurrent.Uninterruptibles                              : loaded 2 times (x 71B)
Class com.google.common.util.concurrent.LazyLogger                                    : loaded 2 times (x 72B)
Class com.google.common.collect.Maps                                                  : loaded 2 times (x 71B)
Class org.gradle.api.specs.Spec                                                       : loaded 2 times (x 70B)
Class com.google.common.collect.MapMaker                                              : loaded 2 times (x 72B)
Class [Lcom.google.common.collect.ImmutableEntry;                                     : loaded 2 times (x 69B)
Class com.google.common.cache.LocalCache$LoadingValueReference                        : loaded 2 times (x 96B)
Class com.google.common.io.LineReader$1                                               : loaded 2 times (x 75B)
Class com.google.common.collect.CollectSpliterators                                   : loaded 2 times (x 71B)
Class com.google.common.collect.AbstractMapBasedMultimap$AsMap                        : loaded 2 times (x 128B)
Class com.google.common.collect.MapMakerInternalMap$StrongKeyDummyValueEntry          : loaded 2 times (x 82B)
Class com.google.common.base.Platform                                                 : loaded 2 times (x 71B)
Class com.google.common.collect.AbstractMapBasedMultimap$WrappedList                  : loaded 2 times (x 205B)
Class [Lorg.objectweb.asm.AnnotationWriter;                                           : loaded 2 times (x 69B)
Class com.google.common.collect.Maps$8                                                : loaded 2 times (x 82B)
Class [Lcom.google.common.collect.Iterators$EmptyModifiableIterator;                  : loaded 2 times (x 69B)
Class com.google.common.collect.ImmutableRangeSet$Builder                             : loaded 2 times (x 77B)
Class com.google.common.collect.Sets$SetView                                          : loaded 2 times (x 138B)
Class com.google.common.cache.LocalCache$StrongValueReference                         : loaded 2 times (x 90B)
Class com.google.common.graph.SuccessorsFunction                                      : loaded 2 times (x 70B)
Class org.objectweb.asm.Type                                                          : loaded 2 times (x 72B)
Class [Lcom.google.gson.stream.JsonToken;                                             : loaded 2 times (x 69B)
Class org.gradle.internal.classloader.VisitableURLClassLoader$InstrumentingVisitableURLClassLoader: loaded 2 times (x 123B)
Class com.google.common.collect.MapMakerInternalMap$StrongKeyDummyValueEntry$Helper   : loaded 2 times (x 79B)
Class com.google.common.io.Files$FileByteSink                                         : loaded 2 times (x 77B)
Class com.google.common.math.IntMath$1                                                : loaded 2 times (x 71B)
Class org.objectweb.asm.ByteVector                                                    : loaded 2 times (x 79B)
Class [Lcom.google.common.cache.CacheBuilder$NullListener;                            : loaded 2 times (x 69B)
Class org.gradle.internal.classloader.VisitableURLClassLoader$Spec                    : loaded 2 times (x 74B)
Class org.gradle.internal.classpath.DefaultClassPath                                  : loaded 2 times (x 90B)
Class com.google.common.base.AbstractIterator                                         : loaded 2 times (x 80B)
Class org.objectweb.asm.Symbol                                                        : loaded 2 times (x 73B)
Class com.google.common.io.Java8Compatibility                                         : loaded 2 times (x 71B)
Class com.google.common.io.Closer                                                     : loaded 2 times (x 78B)
Class com.google.common.base.CharMatcher$BitSetMatcher                                : loaded 2 times (x 112B)
Class com.google.common.collect.RegularImmutableMap$Values                            : loaded 2 times (x 207B)
Class com.google.common.collect.ImmutableSet                                          : loaded 2 times (x 145B)
Class org.gradle.internal.classloader.ClassLoaderSpec                                 : loaded 2 times (x 71B)
Class org.objectweb.asm.AnnotationWriter                                              : loaded 2 times (x 79B)
Class com.google.common.cache.CacheStats                                              : loaded 2 times (x 71B)
Class com.google.common.collect.ImmutableMultisetGwtSerializationDependencies         : loaded 2 times (x 125B)
Class com.google.common.collect.Interners                                             : loaded 2 times (x 71B)
Class com.google.common.io.Closer$Suppressor                                          : loaded 2 times (x 70B)
Class com.google.common.io.LineProcessor                                              : loaded 2 times (x 70B)
Class org.objectweb.asm.RecordComponentWriter                                         : loaded 2 times (x 78B)
Class com.google.common.util.concurrent.AbstractFuture$Listener                       : loaded 2 times (x 72B)
Class com.google.common.base.CharMatcher$Or                                           : loaded 2 times (x 112B)
Class Settings_gradle$1$1                                                             : loaded 2 times (x 74B)
Class org.gradle.api.internal.classpath.Module$ModuleAlias                            : loaded 2 times (x 70B)
Class [Lorg.objectweb.asm.Label;                                                      : loaded 2 times (x 69B)
Class org.objectweb.asm.Attribute                                                     : loaded 2 times (x 77B)
Class com.google.common.base.Supplier                                                 : loaded 2 times (x 70B)
Class org.gradle.internal.classloader.VisitableURLClassLoader                         : loaded 2 times (x 117B)
Class Settings_gradle                                                                 : loaded 2 times (x 124B)
Class org.gradle.internal.Cast                                                        : loaded 2 times (x 71B)
Class org.gradle.api.Action                                                           : loaded 2 times (x 70B)
Class com.google.common.collect.MapMakerInternalMap                                   : loaded 2 times (x 161B)
Class com.google.common.base.Strings                                                  : loaded 2 times (x 71B)
Class com.google.common.collect.Sets                                                  : loaded 2 times (x 71B)
Class org.objectweb.asm.Handler                                                       : loaded 2 times (x 72B)
Class com.google.common.base.Ticker                                                   : loaded 2 times (x 72B)
Class com.google.common.base.CharMatcher$FastMatcher                                  : loaded 2 times (x 111B)
Class [Lcom.google.common.cache.LocalCache$Segment;                                   : loaded 2 times (x 69B)
Class [Lcom.google.common.cache.LocalCache$Strength;                                  : loaded 2 times (x 69B)
Class com.google.common.cache.CacheBuilder$1                                          : loaded 2 times (x 85B)
Class com.google.common.base.Predicate                                                : loaded 2 times (x 70B)
Class com.google.common.collect.ImmutableMap                                          : loaded 2 times (x 120B)
Class org.gradle.internal.classpath.DefaultClassPath$ImmutableUniqueList$Builder      : loaded 2 times (x 75B)
Class com.google.common.collect.MapMakerInternalMap$WeakValueReference                : loaded 2 times (x 70B)
Class com.google.common.collect.AbstractRangeSet                                      : loaded 2 times (x 114B)
Class com.google.common.cache.LocalCache                                              : loaded 2 times (x 187B)
Class com.google.common.cache.CacheBuilder$2                                          : loaded 2 times (x 79B)
Class com.google.common.base.CharMatcher$NegatedFastMatcher                           : loaded 2 times (x 113B)
Class com.google.gson.stream.JsonToken                                                : loaded 2 times (x 79B)
Class com.google.common.collect.ArrayListMultimap                                     : loaded 2 times (x 172B)
Class com.google.common.cache.CacheBuilder$3                                          : loaded 2 times (x 72B)
Class [Lcom.google.common.collect.AbstractMapEntry;                                   : loaded 2 times (x 69B)
Class com.google.common.collect.ImmutableEntry                                        : loaded 2 times (x 82B)
Class org.gradle.api.GradleException                                                  : loaded 2 times (x 82B)
Class com.google.common.base.Suppliers$MemoizingSupplier                              : loaded 2 times (x 79B)
Class com.google.common.collect.CollectPreconditions                                  : loaded 2 times (x 71B)
Class [Lcom.google.common.collect.MapMakerInternalMap$Strength;                       : loaded 2 times (x 69B)
Class [Lcom.google.common.io.FileWriteMode;                                           : loaded 2 times (x 69B)
Class com.google.common.collect.SortedMapDifference                                   : loaded 2 times (x 70B)
Class com.google.common.collect.MapMakerInternalMap$StrongKeyDummyValueSegment        : loaded 2 times (x 142B)
Class com.google.common.io.Files                                                      : loaded 2 times (x 71B)
Class com.google.common.cache.LocalCache$EntryFactory                                 : loaded 2 times (x 83B)
Class [Lcom.google.common.collect.MapMaker$Dummy;                                     : loaded 2 times (x 69B)
Class com.google.common.base.CharMatcher$Whitespace                                   : loaded 2 times (x 112B)
Class com.google.common.cache.LocalCache$AbstractReferenceEntry                       : loaded 2 times (x 107B)
Class org.gradle.internal.IoActions                                                   : loaded 2 times (x 71B)
Class com.google.common.collect.ImmutableMapKeySet                                    : loaded 2 times (x 152B)
Class com.google.common.collect.ImmutableRangeSet$ComplementRanges                    : loaded 2 times (x 207B)
Class org.objectweb.asm.SymbolTable                                                   : loaded 2 times (x 72B)
Class com.google.common.cache.CacheLoader$InvalidCacheLoadException                   : loaded 2 times (x 82B)
Class com.google.common.collect.ImmutableSet$RegularSetBuilderImpl                    : loaded 2 times (x 77B)
Class com.google.common.cache.LocalCache$StrongEntry                                  : loaded 2 times (x 108B)
Class com.google.common.util.concurrent.AbstractFuture$TrustedFuture                  : loaded 2 times (x 114B)
Class com.google.common.cache.LoadingCache                                            : loaded 2 times (x 70B)
Class com.google.common.base.Suppliers$NonSerializableMemoizingSupplier               : loaded 2 times (x 79B)
Class com.google.common.io.ByteStreams$LimitedInputStream                             : loaded 2 times (x 92B)
Class org.objectweb.asm.MethodWriter                                                  : loaded 2 times (x 106B)
Class [Lcom.google.common.cache.Weigher;                                              : loaded 2 times (x 69B)
Class com.google.common.collect.RegularImmutableMap$BucketOverflowException           : loaded 2 times (x 82B)
Class com.google.common.collect.ImmutableMultimap$1                                   : loaded 2 times (x 82B)
Class com.google.common.collect.AbstractMapBasedMultimap$RandomAccessWrappedList      : loaded 2 times (x 205B)
Class com.google.common.collect.ImmutableMultimap$2                                   : loaded 2 times (x 81B)
Class com.google.common.collect.RegularImmutableBiMap                                 : loaded 2 times (x 149B)
Class com.google.common.cache.LocalCache$ValueReference                               : loaded 2 times (x 70B)
Class com.google.common.base.CharMatcher$Negated                                      : loaded 2 times (x 113B)
Class com.google.common.base.CharMatcher$Is                                           : loaded 2 times (x 111B)
Class com.google.common.base.PatternCompiler                                          : loaded 2 times (x 70B)
Class com.google.common.util.concurrent.AbstractFuture$Failure                        : loaded 2 times (x 72B)
Class com.google.common.base.Equivalence$Equals                                       : loaded 2 times (x 82B)
Class com.google.common.collect.Hashing                                               : loaded 2 times (x 71B)
Class com.google.common.base.Preconditions                                            : loaded 2 times (x 71B)
Class com.google.common.collect.ImmutableSetMultimap                                  : loaded 2 times (x 180B)
Class com.google.common.io.CharSink                                                   : loaded 2 times (x 79B)
Class com.google.common.base.Joiner$1                                                 : loaded 2 times (x 80B)
Class org.objectweb.asm.Label                                                         : loaded 2 times (x 73B)
Class org.objectweb.asm.CurrentFrame                                                  : loaded 2 times (x 73B)
Class org.objectweb.asm.ClassTooLargeException                                        : loaded 2 times (x 83B)
Class com.google.common.base.CharMatcher                                              : loaded 2 times (x 111B)
Class com.google.common.collect.PeekingIterator                                       : loaded 2 times (x 70B)
Class com.google.gson.stream.JsonReader                                               : loaded 2 times (x 97B)
Class com.google.common.collect.Maps$IteratorBasedAbstractMap                         : loaded 2 times (x 125B)
Class com.google.common.collect.MapMakerInternalMap$InternalEntryHelper               : loaded 2 times (x 70B)
Class com.google.common.collect.Table                                                 : loaded 2 times (x 70B)
Class com.google.common.collect.RangeGwtSerializationDependencies                     : loaded 2 times (x 71B)
Class com.google.common.base.Joiner$2                                                 : loaded 2 times (x 79B)
Class org.objectweb.asm.Frame                                                         : loaded 2 times (x 73B)
Class org.objectweb.asm.MethodVisitor                                                 : loaded 2 times (x 105B)
Class com.google.common.cache.LocalCache$EntryFactory$1                               : loaded 2 times (x 83B)
Class [Lcom.google.common.cache.RemovalListener;                                      : loaded 2 times (x 69B)
Class com.google.common.base.CharMatcher$1                                            : loaded 2 times (x 113B)
Class com.google.common.base.CharMatcher$NamedFastMatcher                             : loaded 2 times (x 112B)
Class com.google.common.collect.RangeSet                                              : loaded 2 times (x 70B)
Class com.google.common.cache.LocalCache$EntryFactory$2                               : loaded 2 times (x 83B)
Class com.google.common.collect.CollectCollectors                                     : loaded 2 times (x 71B)
Class org.objectweb.asm.ModuleWriter                                                  : loaded 2 times (x 82B)
Class com.google.common.cache.LocalCache$EntryFactory$3                               : loaded 2 times (x 83B)
Class com.google.common.base.Ticker$1                                                 : loaded 2 times (x 72B)
Class com.google.common.collect.Maps$BiMapConverter                                   : loaded 2 times (x 90B)
Class com.google.common.collect.ImmutableMapEntrySet$RegularEntrySet                  : loaded 2 times (x 152B)
Class com.google.common.collect.SetMultimap                                           : loaded 2 times (x 70B)
Class com.google.common.collect.ImmutableSet$Builder                                  : loaded 2 times (x 85B)
Class com.google.common.cache.LocalCache$EntryFactory$4                               : loaded 2 times (x 83B)
Class com.google.common.base.CharMatcher$InRange                                      : loaded 2 times (x 111B)
Class com.google.common.io.ByteStreams$1                                              : loaded 2 times (x 85B)
Class com.google.common.cache.LocalCache$EntryFactory$5                               : loaded 2 times (x 83B)
Class com.google.common.io.LineReader                                                 : loaded 2 times (x 72B)
Class com.google.common.cache.LocalCache$EntryFactory$6                               : loaded 2 times (x 83B)
Class org.gradle.internal.installation.CurrentGradleInstallationLocator               : loaded 2 times (x 71B)
Class com.google.common.collect.ImmutableMultimap$Builder                             : loaded 2 times (x 86B)
Class org.objectweb.asm.ClassReader                                                   : loaded 2 times (x 94B)
Class com.google.common.collect.Maps$KeySet                                           : loaded 2 times (x 137B)
Class com.google.common.collect.ImmutableSet$EmptySetBuilderImpl                      : loaded 2 times (x 76B)
Class com.google.common.cache.LocalCache$EntryFactory$7                               : loaded 2 times (x 83B)
Class com.google.common.collect.ImmutableList                                         : loaded 2 times (x 206B)
Class org.gradle.internal.service.DefaultServiceLocator                               : loaded 2 times (x 83B)
Class com.google.common.collect.ImmutableMultimap$EntryCollection                     : loaded 2 times (x 128B)
Class com.google.common.collect.Maps$EntrySet                                         : loaded 2 times (x 136B)
Class com.google.common.cache.LocalCache$EntryFactory$8                               : loaded 2 times (x 83B)
Class com.google.common.collect.ImmutableSet$SetBuilderImpl                           : loaded 2 times (x 76B)
Class org.gradle.internal.installation.CurrentGradleInstallation                      : loaded 2 times (x 73B)
Class com.google.common.cache.CacheLoader$1                                           : loaded 2 times (x 75B)
Class com.google.common.collect.ImmutableList$SubList                                 : loaded 2 times (x 209B)
Class org.gradle.util.internal.GUtil                                                  : loaded 2 times (x 71B)
Class com.google.common.io.ByteSource                                                 : loaded 2 times (x 84B)
Class com.google.common.cache.AbstractCache$StatsCounter                              : loaded 2 times (x 70B)
Class com.google.common.io.LineBuffer                                                 : loaded 2 times (x 75B)
Class com.google.common.collect.MapMakerInternalMap$1                                 : loaded 2 times (x 83B)
Class org.objectweb.asm.Context                                                       : loaded 2 times (x 72B)
Class com.google.common.collect.Iterators$MergingIterator                             : loaded 2 times (x 81B)
Class com.google.common.collect.RegularImmutableSet                                   : loaded 2 times (x 149B)
Class org.gradle.internal.installation.GradleInstallation                             : loaded 2 times (x 75B)
Class com.google.common.base.Splitter$Strategy                                        : loaded 2 times (x 70B)
Class com.google.common.collect.Iterables                                             : loaded 2 times (x 71B)

---------------  S Y S T E M  ---------------

OS:
 Windows 11 , 64 bit Build 26100 (10.0.26100.8875)
OS uptime: 0 days 1:15 hours
Hyper-V role detected

CPU: total 12 (initial active 12) (12 cores per cpu, 2 threads per core) family 25 model 80 stepping 0 microcode 0xa500014, cx8, cmov, fxsr, ht, mmx, 3dnowpref, sse, sse2, sse3, ssse3, sse4a, sse4.1, sse4.2, popcnt, lzcnt, tsc, tscinvbit, avx, avx2, aes, erms, clmul, bmi1, bmi2, adx, sha, fma, vzeroupper, clflush, clflushopt, hv, rdtscp, rdpid, fsrm, f16c, cet_ss
Processor Information for the first 12 processors :
  Max Mhz: 3901, Current Mhz: 3901, Mhz Limit: 3901

Memory: 4k page, system-wide physical 15723M (2196M free)
TotalPageFile size 16747M (AvailPageFile size 54M)
current process WorkingSet (physical memory assigned to process): 789M, peak: 789M
current process commit charge ("private bytes"): 827M, peak: 982M

vm_info: OpenJDK 64-Bit Server VM (21.0.11+1-b1163.116) for windows-amd64 JRE (21.0.11+1-b1163.116), built on 2026-04-30 by "builduser" with MS VC++ 17.14 (VS2022)

END.
